date,ETH,BTC,SPY,IVV,QQQ,VOO,USDC-USD,VTI
2018/10/8,230.3443687,6674.063726,271.2139282,271.9407349,175.0168915,248.7740479,1.002210021,139.0943756
2018/10/9,228.6577304,6654.918164,270.8181458,271.6125183,175.5838013,248.4542847,1.006860018,138.8491974
2018/10/10,226.7551498,6630.2,262.2430725,262.852356,167.8617401,240.4304962,1.009619951,134.427124
2018/10/11,191.752113,6250.28449,256.4668884,257.2998657,165.7797394,235.369812,1.009780049,131.5607147
2018/10/12,197.2508,6304.110763,260.0287781,260.7701416,170.3934174,238.5491943,1.012719989,133.2956085
2018/10/15,214.3876624,6750,258.5682068,259.3632202,168.3309326,237.241684,1.026800036,132.7016144
2018/10/16,215.5,6758.754926,264.2219849,265.0751648,173.2280884,242.2929382,1.021430016,135.6245422
2018/10/17,213.442785,6739.750263,264.2691345,265.0188904,173.2964935,242.3776703,1.012189984,135.5868378
2018/10/18,206.4715037,6610,260.4527893,261.2202759,169.2790833,238.9724884,1.014889956,133.6256409
2018/10/19,204.7341061,6528.137063,260.3114319,260.9952698,169.1227112,238.7843475,1.006979942,133.2767639
2018/10/22,206.44782,6581.55485,259.1430054,260.0104065,169.99263,237.7966766,1.009299994,132.7487335
2018/10/23,205.89707,6556.154438,257.8237305,258.4628601,169.3670654,236.3668671,1.010589957,131.9661255
2018/10/24,205.45326,6561.473982,250.012085,250.5561523,161.6156921,229.3119659,1.010020018,127.8646088
2018/10/25,204.66953,6539,254.4974365,255.1331482,167.2068329,233.4226074,1.007969975,130.2689514
2018/10/26,204.7100001,6540,250.0214081,250.5186615,162.9059906,229.2931824,1.011630058,128.0154419
2018/10/29,196.92494,6350,248.6362762,249.1211395,159.5532227,228.1079254,1.008370042,127.3082886
2018/10/30,197.361,6332.235996,252.3206482,253.107254,162.1826172,231.5977631,1.004680037,129.29776
2018/10/31,198.47,6376.3019,255.0157013,255.8271637,165.9947815,234.0246429,0.996385992,130.6461182
2018/11/1,199.67,6405.26713,257.7295532,258.3221741,168.1843262,236.4515076,0.992501974,132.1264496
2018/11/2,202.22,6435.407572,256.2030334,256.887146,165.5647125,234.9840851,0.999969006,131.588974
2018/11/5,210.7418,6471.388644,257.6164551,258.4628601,165.154129,236.3198547,0.998748004,132.2301331
2018/11/6,220.95989,6518.77236,259.246582,259.9541626,166.4053192,237.815506,1.000519991,132.9844208
2018/11/7,218.9,6575.4,264.7967529,265.5535278,171.6250305,242.8385315,1.004299998,135.6999664
2018/11/8,213.0326215,6480.228422,264.3162231,264.9813538,170.5302887,242.4246521,1.00383997,135.4359436
2018/11/9,210.93669,6419.7,261.7342834,262.5803223,167.6564789,240.1859131,1.008039951,134.0499268
2018/11/12,213.02877,6453.58,256.84375,257.4686584,162.5834045,235.5485229,1.013200045,131.4758606
2018/11/13,210.0549177,6467.657063,256.3631592,257.0934753,162.7202148,235.1534424,1.012820005,131.2872772
2018/11/14,187.7664066,5909.427076,254.6104431,255.3114166,161.4788208,233.5449219,1.023069978,130.325531
2018/11/15,184.71596,5744.79776,257.2678223,257.8907166,164.3037567,235.9623718,1.018309951,131.7964325
2018/11/16,176.9783113,5648.688226,257.9367981,258.6222534,163.7270355,236.5644073,1.03026998,132.0792847
2018/11/19,150.8593482,4925.546688,253.5739288,254.2985077,158.4095612,232.6418762,1.020190001,129.7880554
2018/11/20,134.341227,4570.350259,248.8812256,249.5807343,155.5749054,228.3619232,1.019950032,127.4780121
2018/11/21,138.1502,4667,249.7293549,250.3873291,156.7576141,229.1238556,1.014410019,128.1003113
2018/11/23,125.2995999,4421,248.0614471,248.8398132,155.6237946,227.6470184,1.020609975,127.4120026
2018/11/26,110.589,3850.220945,252.0662079,252.7415619,159.2208405,231.2121124,1.037410021,129.3920746
2018/11/27,111.5554,3880.05071,252.9143372,253.5387878,159.7584839,231.9364319,1.012099981,129.5523529
2018/11/28,122.94,4268.442369,258.7378235,259.4570007,164.8999939,237.3545685,1.011639953,132.5695648
2018/11/29,118.4472998,4291.083895,258.1724854,258.9318542,164.362381,236.865387,1.014597058,132.3244171
2018/11/30,113.9689,4040.8635,259.7460632,260.7420044,165.5548859,238.4362946,1.010396957,133.2767639
2018/12/3,109.1398046,3890.35151,263.1853943,263.902832,168.4482422,241.3805237,1.009749055,134.832489
2018/12/4,109.6,3955.57429,254.6575623,255.6115112,161.9871216,233.8929596,1.012794971,130.429245
2018/12/6,91.04,3508.71529,254.2711945,254.9456024,163.1307678,233.3003235,1.018265963,130.2689514
2018/12/7,93.10035013,3401.586952,248.3630371,249.1118164,157.7448883,227.8821869,1.011307955,127.1951675
2018/12/10,89.9681538,3441.27,248.8341522,249.4869537,159.3968201,228.1549835,1.024693012,127.3365936
2018/12/11,87.81021999,3380,248.8906708,249.533844,159.9246216,228.2208099,1.020336032,127.3082886
2018/12/12,89.20900001,3445.92009,250.1439362,250.8844299,161.3322144,229.481308,1.022770047,128.0343475
2018/12/13,86.27,3301.05664,250.0592194,250.6499481,161.3810883,229.4060822,1.01591301,127.7231674
2018/12/14,83.87458,3221.657197,245.441864,246.1103821,157.4516449,225.1731262,1.017292023,125.5168228
2018/12/17,94.18679691,3505.39827,240.626709,241.1044006,153.8838501,220.5758514,1.014232993,122.8390274
2018/12/18,100.3737544,3650.806981,240.362854,241.0761414,154.8515625,220.4907227,1.009853959,122.8013153
2018/12/19,98.83065596,3667.664189,236.7632446,237.4169312,151.0491638,216.9725952,1.019230008,120.9155426
2018/12/20,113.88062,4050.65495,232.9092407,233.3521271,148.8596344,213.4071198,1.015118957,118.9637756
2018/12/21,107.58122,3836.540057,228.1370239,228.5611572,144.2459412,209.1607361,1.015426993,116.4368362
2018/12/24,138.4723607,4010.268128,222.1090088,222.6573029,140.6689606,203.4011536,1.01157105,113.526123
2018/12/26,129.2679656,3779.9112,233.3309937,233.5784302,149.4521637,213.6908264,1.013623953,118.9890442
2018/12/27,113.40359,3565.271144,235.1223755,235.8325043,150.0305328,215.6769104,1.017480016,120.0607529
2018/12/28,134.9668081,3840.411604,234.8190613,235.4472198,149.9521027,215.4026337,1.011209965,119.9089966
2018/12/31,131.3891,3696.2223,236.8757935,237.6002655,151.216629,217.3414001,1.016564965,121.0471039
2019/1/2,152,3858.899815,237.1222229,237.7041168,151.8244629,217.5116272,1.018172979,121.1419601
2019/1/3,146.25215,3761.857571,231.4638367,231.7643433,146.8642578,212.319519,1.013576984,118.3346252
2019/1/4,152.0223,3794.90259,239.2169037,239.9138031,153.1478119,219.3274689,1.008159995,122.2515945
2019/1/7,149.4285,3974.89221,241.1030273,241.5286102,154.9711151,220.9730682,1.005357981,123.4845581
2019/1/8,147.5088999,3954.341544,243.3682709,243.9082794,156.3728943,223.1199188,1.007918,124.7554474
2019/1/9,148.30703,3965.47,244.505661,245.0414734,157.6472321,224.1507416,1.002264023,125.3434601
2019/1/10,125.2460399,3586.278051,245.3681793,246.0046997,158.0981445,225.0870667,1.013103962,125.959938
2019/1/11,124.6534988,3600.000381,245.4629517,245.8724823,157.5198059,224.9830322,1.014734983,125.9883499
2019/1/14,126.6136,3628,243.9653625,244.6826324,156.1278381,223.7441101,1.007591963,125.1917038
2019/1/15,119.44061,3553.902666,246.7614594,247.3267517,159.1764832,226.3638458,1.012068987,126.557457
2019/1/16,121.3654,3589.40222,247.3585205,247.978302,159.1470642,226.8650513,1.012362957,126.9178543
2019/1/17,121.7272099,3618.10804,249.2351837,249.8008118,160.401825,228.5579224,1.03035295,127.9421616
2019/1/18,119.05595,3597,252.5524902,253.1437531,161.9898376,231.6316071,1.013115048,129.6018982
2019/1/22,117.973,3571.03742,249.1403809,249.7724915,158.7451477,228.5484772,1.008540988,127.8283157
2019/1/23,116.2995436,3551.08168,249.6617126,250.1313782,158.9509888,228.8889313,1.008734941,127.9611206
2019/1/24,116.3231699,3567.638792,249.7943726,250.3769073,159.9803009,229.115921,1.010270953,128.2266541
2019/1/25,115.38077,3566.732431,251.9080505,252.6054535,161.8917999,231.0641937,1.012050033,129.4311371
2019/1/28,105.44,3440.721611,249.993454,250.5751648,159.8920441,229.2766876,1.011801958,128.4827423
2019/1/29,104.7635,3408.10668,249.6617126,250.2257996,158.3824463,228.992981,1.014050007,128.3025818
2019/1/30,108.4473,3460.779906,253.6140289,254.2391815,162.4113464,232.6151886,1.013232946,130.2373199
2019/1/31,106.52992,3430.172143,255.8414154,256.4299622,164.8424377,234.5539551,1.012485027,131.384903
2019/2/1,106.959798,3468.02263,255.9645996,256.5716553,164.1464386,234.7525787,1.015843987,131.5746155
2019/2/4,107.70103,3463.469216,257.7654419,258.4130554,166.1853943,236.4265289,1.011425018,132.5135498
2019/2/5,107.3342597,3470.402861,258.8459473,259.5179138,167.6557922,237.4763031,1.008728981,133.0636444
2019/2/6,104.4936501,3407.5,258.5047302,259.1307678,167.155899,237.183136,1.013051033,132.9308929
2019/2/7,104.263,3399.383,256.0404663,256.694397,164.9110413,234.8565369,1.011047959,131.6694489
2019/2/8,119.22674,3660,256.3532104,256.9776917,165.2345428,235.1592102,1.01731205,131.8022156
2019/2/11,120.7842262,3633.54137,256.4953613,257.1193237,165.0776825,235.2821655,1.013288975,132.0772552
2019/2/12,122.5058199,3633.803607,259.7937622,260.4622498,167.5185852,238.3274689,1.017773986,133.7275238
2019/2/13,122.04296,3609.175321,260.6372986,261.2554626,167.6361847,239.0462494,1.011628032,134.1448364
2019/2/14,120.35,3591.147837,260.0592041,260.660553,167.8420715,238.5165863,1.011428952,133.9077301
2019/2/15,121.4247756,3605.309999,262.8930664,263.6162415,168.5478516,241.1457825,1.011823058,135.3777466
2019/2/19,143.6523803,3914.72,263.348053,263.9844971,168.8811493,241.5619049,1.004068971,135.6433411
2019/2/20,148.8109303,3970.746,263.8788147,264.4943848,168.8517151,242.1199036,1.015740991,135.9278564
2019/2/21,146.21,3940.08407,262.9405212,263.6634216,168.2341461,241.2403717,1.012017012,135.4631195
2019/2/22,147.4300002,3966.300373,264.5707092,265.1838074,169.4791107,242.6873474,1.01573801,136.3546448
2019/2/25,137.8288001,3826.9824,264.9308777,265.5993652,170.0967102,243.0467377,1.017585993,136.5538177
2019/2/26,136.45,3811.28752,264.741333,265.401001,170.2731628,242.8670349,1.011172056,136.2977295
2019/2/27,134.6996317,3816.219989,264.627594,265.2687988,170.1653137,242.7440796,1.015962005,136.3451538
2019/2/28,135.4599999,3820.7881,264.1346741,264.7116394,169.7731934,242.1766663,1.013672948,136.0606537
2019/3/1,135.2752201,3827.146801,265.7838745,266.5908508,170.9495087,243.8411713,1.010856032,136.9710999
2019/3/4,125.7396262,3719.221385,264.8171387,265.5049438,170.9789429,242.9048767,1.015483022,136.3356628
2019/3/5,136.84139,3859.05856,264.4569397,265.164917,171.106369,242.62117,1.016844988,136.0796051
2019/3/6,137.2909426,3861.94212,262.8551331,263.4746094,170.1358795,241.0701294,1.013903022,135.0458221
2019/3/7,136.6691021,3877.511521,260.656311,261.3499146,168.0479279,239.1313629,1.013484955,133.9930725
2019/3/8,133.291284,3860.21,260.1348877,260.8211365,167.7930298,238.6490173,1.014518976,133.7180481
2019/3/11,132.4190003,3874.37,263.9072571,264.6078186,171.2828217,242.1293488,1.013620019,135.6813049
2019/3/12,133.6005456,3881.304599,264.9024048,265.5426636,172.223877,242.989975,1.012156963,136.1365204
2019/3/13,131.9272119,3866.066595,266.6558838,267.3840637,173.5178223,244.6450348,1.013291955,137.0090637
2019/3/14,132.2048426,3877.319333,266.4852905,267.2518921,173.2237244,244.5599365,1.017089963,136.8952484
2019/3/15,136.388,3922.888725,267.8019104,268.4511719,174.8313904,245.7515564,1.015259981,137.5306702
2019/3/18,137.4176659,3988.506298,268.7728882,269.51828,175.2477875,246.6310883,1.015398026,138.0428314
2019/3/19,138.636,4015.610671,268.8395386,269.6410217,175.8370361,246.7067261,1.016152024,138.014389
2019/3/20,138.9973824,4040.684441,268.0303345,268.6739502,176.534256,245.8271637,1.01415801,137.4453278
2019/3/21,134.6884595,3982.456887,271.0576477,271.6887817,179.293869,248.637619,1.01404798,139.0576324
2019/3/22,136.023,3988.044099,265.8407593,266.5598145,175.3558197,243.9107971,1.009016037,136.1554871
2019/3/25,134.05,3943.999998,265.6408691,266.3227539,175.0219116,243.6920471,1.012812972,136.0619965
2019/3/26,134.1269999,3946.356301,267.6209412,268.2662964,175.8370361,245.4515228,1.012508035,137.1109467
2019/3/27,139.04,4045.47,266.2215881,266.9579163,174.7076416,244.3102722,1.016144037,136.4816132
2019/3/28,137.8253955,4028.514712,267.2306824,268.0103149,175.1102905,245.2612915,1.013795018,137.0823364
2019/3/29,143.30016,4104.603955,268.9157104,269.7832031,176.4360809,246.8401184,1.002529025,137.9882202
2019/4/1,141.5317007,4145,272.1047668,272.9023438,178.7733612,249.6837921,1.002632976,139.5901489
2019/4/2,163.7199997,4861.419822,272.2380981,272.968689,179.4509888,249.7693634,1.001929998,139.5805969
2019/4/3,159.7336996,4939.9,272.6664734,273.461731,180.4821167,250.2353821,1.000928998,139.9143524
2019/4/4,157.0900003,4890.342436,273.3899841,274.1159058,180.4134064,250.8345642,1.002344966,140.2099762
2019/4/5,164.9,5005.498864,274.7132568,275.3674011,181.3463593,252.0424805,1.002799034,140.9155884
2019/4/8,178.9531047,5240.219791,274.9227295,275.6707153,181.8079224,252.2611542,1.002128005,141.039566
2019/4/9,174.8338952,5154.125339,273.5137329,274.2486267,181.1696014,250.9201813,1.001181006,140.1908875
2019/4/10,177.2008869,5309.454493,274.4467468,275.149292,182.1418152,251.7856598,1.001379013,140.839325
2019/4/11,164.4224813,5022.1,274.3705444,275.1303406,181.7097168,251.7381439,1.002825975,140.8297882
2019/4/12,163.8215016,5053.22496,276.2269592,276.9885559,182.4953461,253.440506,1.002897978,141.7737885
2019/4/15,160.3696401,5032.754569,276.04599,276.7610779,182.5247955,253.2693176,0.998979986,141.6593628
2019/4/16,165.6341339,5176.524488,276.2269592,276.9696045,183.1533051,253.450058,1.010408044,141.6975098
2019/4/17,165.9443177,5203.185617,275.5509949,276.239624,183.7916565,252.8318787,1.005684018,141.1730499
2019/4/18,173.2162327,5260.813557,276.0935974,276.8368225,184.027359,253.3073578,1.002645016,141.3828125
2019/4/22,170.360963,5364.936208,276.331604,277.1212769,184.5478363,253.5546722,1.003837943,141.4209595
2019/4/23,169.3645947,5494.445167,278.8162842,279.5293579,186.8949585,255.7421265,0.999439001,142.8417664
2019/4/24,164.7062,5409.032592,278.1974792,278.9415283,186.3057404,255.2380066,0.998930991,142.6510773
2019/4/25,154.8105029,5229.5526,278.026123,278.7709656,187.0619049,255.1429138,1.007150054,142.412674
2019/4/26,157.5743309,5312.711239,279.3208618,280.126709,187.2288208,256.3127136,1.01939404,143.1850586
2019/4/29,155.1041872,5242.42,279.758728,280.4300537,187.5922394,256.6360168,1.015280962,143.3948212
2019/4/30,161.5234932,5321.397614,279.9015503,280.5722656,186.1387787,256.7977295,1.015303969,143.4043579
2019/5/1,160.1999949,5395.6,277.7976685,278.5433655,185.5397034,254.9241791,1.011903048,142.33638
2019/5/2,162.6998547,5500.472312,277.1979675,278.0314331,184.734436,254.420105,1.016191959,142.0979767
2019/5/3,167.6169183,5771.5,279.9110413,280.6386719,187.6806183,256.8358154,1.017825961,143.6332092
2019/5/6,172.6777816,5744.284016,278.7591858,279.5862732,186.531601,255.8181763,1.008190989,143.1755066
2019/5/7,169.176946,5846,274.1039734,274.8553162,182.8980103,251.6714783,1.010692,140.7058258
2019/5/8,170.342401,5982.9,273.7232056,274.4856262,182.4364471,251.1769409,1.007400036,140.4769897
2019/5/9,170.6721419,6174.7,272.894989,273.7271729,181.4543915,250.4066162,1.004044056,140.0287933
2019/5/10,172.99,6382.099999,274.2658081,274.9407349,181.6802368,251.5764465,1.005607009,140.6772003
2019/5/13,196.3201769,7811.964324,267.3734436,268.114624,175.3754425,245.4040222,0.999697983,137.1204529
2019/5/14,218.02,8000,269.7915344,270.5037537,177.3002777,247.5344086,0.998840988,138.3600616
2019/5/15,248.1829886,8169.886725,271.3717651,272.1249695,179.8045349,248.9990387,0.998185992,139.1801605
2019/5/16,263.7303001,7873.936047,273.8850403,274.5235596,181.611496,251.281601,0.998786986,140.438797
2019/5/17,244.37,7352.423933,272.1143494,272.9497681,179.7554016,249.7598419,0.998728991,139.4471436
2019/5/20,250.6999999,7924.868651,270.315094,271.1294861,176.720871,248.0575104,0.996523976,138.4554138
2019/5/21,253.688,7903.161096,272.7521362,273.4996643,178.5671082,250.159317,0.998889029,139.8094788
2019/5/22,244.5311,7628.803588,271.9144592,272.7127075,177.7716827,249.4745483,1.000087023,139.3041229
2019/5/23,244.6321535,7847.224063,268.5920105,269.3091736,175.0513611,246.5547638,0.999962986,137.5304718
2019/5/24,248.4800011,7975.288952,269.201355,269.9728088,174.9630127,246.9827881,0.998374999,137.8642426
2019/5/28,270.9226511,8722.189554,266.6975708,267.4320068,174.3050232,244.7667847,1.005179048,136.6532288
2019/5/29,268.5138347,8653,264.9077759,265.6875305,172.8712006,243.083374,0.998430014,135.7187653
2019/5/30,254.468096,8275.249698,265.6313171,266.2848206,173.5979462,243.758667,0.999490023,135.9857483
2019/5/31,268.187416,8549.987627,262.0518799,262.900238,170.8285217,240.49646,1.001047015,134.1549225
2019/6/3,250.169885,8118.440804,261.385498,262.0279541,167.0672607,239.7832031,0.997897029,133.8879242
2019/6/4,241.3753598,7691.48916,267.0593567,267.7733154,171.7713318,245.0615997,1.002485037,136.8916321
2019/6/5,245.9,7773.49522,269.3726501,270.0675659,173.0479889,247.1349335,1.003695965,137.9405212
2019/6/6,248.4970586,7784.811614,271.1242676,271.868988,174.4228516,248.7422485,1.003733039,138.7128754
2019/6/7,248.9113868,7994,273.8374634,274.6278992,177.7913208,251.2245636,1.00169003,139.9715729
2019/6/10,246.6895433,7988.739226,275.0940857,275.8888245,179.8634338,252.4038391,1.00068295,140.7534943
2019/6/11,244.3534205,7887.565331,275.0273743,275.8413696,180.1089783,252.3562927,1.000738025,140.6200104
2019/6/12,261.2114328,8130,274.5419312,275.2156677,179.0679626,251.8807526,0.999854028,140.429306
2019/6/13,254.0792561,8210,275.6747437,276.4765625,180.1286163,253.003006,0.998952985,141.0776825
2019/6/14,263.0588432,8673.2,275.3700867,276.1257935,179.3625946,252.6226196,1.002580047,140.7725983
2019/6/17,273.60496,9310.421345,275.4748535,276.3814697,180.4428711,252.8508453,1.002318025,140.8749847
2019/6/18,263.9825475,9076.409257,278.359375,278.9665222,183.0649567,255.3711853,0.99862802,142.4158936
2019/6/19,267.72602,9250,278.9876709,279.7200317,183.7523804,256.0464478,0.99891001,142.904007
2019/6/20,271.7568586,9520.184184,281.6531982,282.3719177,185.4611664,258.4336243,0.997663021,144.2152252
2019/6/21,295.2193245,10177.25008,281.2437744,281.9426575,185.1861877,258.1293335,0.998050988,144.234375
2019/6/24,311.6994752,11048.62872,280.8993835,281.6564941,185.1920776,257.7963562,1,143.4304199
2019/6/25,318.6911586,11814.85058,278.1443481,278.9283447,182.0130157,255.2475433,1.002846003,142.0713348
2019/6/26,339.6383263,13101.48646,277.8669128,278.6135254,182.8594818,255.0002289,1.004521966,141.8033447
2019/6/27,298.2364621,11307.51811,278.8522034,279.7582092,183.5582733,255.8951263,1.001821995,142.6551819
2019/6/28,311.8371188,12411.32088,280.2871704,281.1604614,183.7944946,257.309967,1.00267005,143.6505737
2019/7/1,295.111,10623.96788,282.8318176,283.6119995,186.2747345,259.4992371,1.000836968,144.6650696
2019/7/2,291.4124549,10836.18073,283.5683594,284.4799805,187.0129089,260.2545166,1.002063036,145.0000458
2019/7/3,301.0800013,11933,285.8355103,286.6263123,188.4203491,262.2525024,1.000990033,146.0911407
2019/7/5,287.3229522,10966.50168,285.5102539,286.2638245,188.0365143,261.9179382,1.000465989,146.0050201
2019/7/8,312.2870223,12260.11339,283.9414063,284.7852478,186.7176514,260.6082153,0.999369979,145.2201843
2019/7/9,307.9421828,12560.61494,284.2954102,285.2430725,187.6526642,260.9332581,0.999477029,145.4786224
2019/7/10,289.1365546,12116.93015,285.6536865,286.5498962,189.5227051,262.1473389,1.001109958,146.071991
2019/7/11,268.5013363,11337.18581,286.3233948,287.0555115,189.3849182,262.6732178,0.999334991,146.272995
2019/7/12,274.5705877,11755.15391,287.6052551,288.5435791,190.4773865,263.9638062,1.001399994,147.019516
2019/7/15,228.2704903,10836.90136,287.7008667,288.5150452,191.0876007,264.0307007,1.003612995,146.9238281
2019/7/16,198.728633,9403.62017,286.7729797,287.5420532,190.1033936,263.1703491,0.999940991,146.5505676
2019/7/17,210.10623,9666.9,284.8215332,285.6723938,189.1683807,261.3921814,1.002289057,145.5839081
2019/7/18,225.7751749,10622.74537,285.8641357,286.7884216,189.3849182,262.348175,1.003288984,146.1198578
2019/7/19,220.3482929,10512.15623,284.2762451,285.1191101,187.9971161,260.9428406,0.999852002,145.2871857
2019/7/22,217.321384,10344.17729,284.9745483,285.7678223,189.4931641,261.573761,1.001711011,145.6317596
2019/7/23,212.532977,9868.876365,287.0121155,287.8090515,190.7332764,263.3710938,1.001103997,146.6079559
2019/7/24,216.6703197,9761.78,288.3609619,289.1922302,192.0718231,264.5852356,1.003262997,147.5076447
2019/7/25,218.8894167,9881.18122,286.9833984,287.7995605,190.2510071,263.2945557,1.003124952,146.7228394
2019/7/26,219.0735056,9824.550835,288.90625,289.7645569,192.20961,265.1779785,1.002607942,147.7851868
2019/7/29,211.1761389,9512.991978,288.3800964,289.2399902,191.5502167,264.6999207,1.002725005,147.431076
2019/7/30,210.0644772,9578.99997,287.6722412,288.5341187,190.7234344,264.0593872,1.002622962,147.2875061
2019/7/31,218.2402572,10074.9893,284.5249329,285.43396,188.0857239,261.0671692,1.00169301,145.6795959
2019/8/1,216.8210714,10373,282.0473328,282.8488464,187.1506958,258.8778687,1.002257943,144.3300781
2019/8/2,217.39,10524.00598,279.9236755,280.8456726,184.3948669,256.9849243,0.999779999,143.1624298
2019/8/5,233.3696962,11816.22202,271.5054321,272.4037476,177.8792877,249.4037933,1.002104998,138.9129181
2019/8/6,226.5096992,11490.34129,275.3127441,276.0380554,180.3693695,252.6159821,0.99960202,140.7218475
2019/8/7,226.2547176,11954.01387,275.4754028,276.3051147,181.3437653,252.7880859,1.001155972,140.8749847
2019/8/8,221.1123646,11985.12904,280.880249,281.6660156,185.2905121,257.7210388,0.996484995,143.5548553
2019/8/9,210.6429805,11872.04837,278.9670105,279.8345337,183.5484009,255.9237823,0.999862015,142.5307312
2019/8/12,211.71,11387.07339,275.5710754,276.4482422,181.442215,252.921875,1.002359033,140.7696991
2019/8/13,209.4641006,10885.79243,279.8566284,280.7121277,185.4184723,256.8415527,1.000630021,142.7796021
2019/8/14,187.113709,10052.17796,271.5819702,272.432373,179.877243,249.1074219,1.001968026,138.6544952
2019/8/15,188.1099742,10311.39376,272.299469,273.1382141,179.670578,249.8913269,1.000913978,138.9129181
2019/8/16,184.8199919,10349.64221,276.3172607,277.1827087,182.5543671,253.5528564,1.000861049,141.0185394
2019/8/19,202.1382243,10915.76304,279.6462097,280.5118408,185.4578247,256.6694946,1.001147985,142.6934509
2019/8/20,196.55,10747.13491,277.503418,278.3368835,184.0208893,254.6808777,1.001564026,141.6023712
2019/8/21,187.2845,10134.36773,279.7610474,280.6167908,185.6546936,256.7459412,0.999723017,142.7987213
2019/8/22,190.7033726,10103.61402,279.6748962,280.5118408,185.0543213,256.6503296,1.000237942,142.6743164
2019/8/23,193.6457892,10383.75092,272.4907837,273.2622375,179.1981659,250.0634766,1.001518965,139.0756073
2019/8/26,188.7523954,10373.47386,275.5040894,276.3051147,181.9047546,252.8358459,1.002136946,140.4825592
2019/8/27,187.2309161,10182.12414,274.4231262,275.2463074,181.5209351,251.8415985,1.001307011,139.8317566
2019/8/28,173.2527243,9740.096988,276.3554993,277.1063843,182.1705017,253.5911255,0.999821007,140.8271027
2019/8/29,168.928497,9485.99,279.8853149,280.7121277,184.9558868,256.8893738,1.003471017,142.6934509
2019/8/30,168.2812864,9579.883375,279.7610474,280.7025452,184.51297,256.7841797,1.000484943,142.6455994
2019/9/3,178.087374,10568.006,278.1251831,278.9283447,182.7216644,255.3597412,1.000586987,141.7172241
2019/9/4,173.7680004,10558.4,281.2820435,282.1239014,185.3594055,258.0939636,1.001098037,143.2294159
2019/9/5,174.185907,10567.44674,284.8980408,285.8154907,188.7549896,261.5068665,0.999252021,145.1436157
2019/9/6,169.2757546,10301.65941,285.118042,286.0062561,188.5679932,261.6980591,1.00247705,145.1723175
2019/9/9,180.5800541,10309.55288,285.2615662,286.139801,188.1743011,261.7650452,1.00137496,145.2584839
2019/9/10,180.0570844,10114.97398,285.1945801,286.120697,187.6329651,261.8223267,1.001310945,145.4020386
2019/9/11,178.36,10158.13444,287.2225952,288.1906128,189.3947449,263.7056885,1.002053976,146.5888367
2019/9/12,180.7819903,10394.1869,288.2174988,289.1064148,190.1821136,264.480072,0.999024987,147.0290833
2019/9/13,181.0216427,10344.79375,288.0261841,288.9060059,189.503006,264.4131775,0.998835027,146.8855438
2019/9/16,197.5578384,10258.2,287.1365051,288.0571289,188.6565552,263.5432129,0.999925971,146.5874939
2019/9/17,207.9639658,10187.80747,287.8635254,288.7534485,189.5620728,264.2601929,1.003121018,146.943222
2019/9/18,210.0103185,10164.3552,288.0357971,288.9633179,189.4833069,264.422699,1.004055023,146.923996
2019/9/19,220,10243.92,288.016571,288.9251709,189.7982788,264.3652954,0.998835027,146.8278351
2019/9/20,218.5,10163.242,286.6557922,287.3321533,187.7904816,262.9503784,1.001369953,146.1836548
2019/9/23,200.940652,9697.199,286.5885315,287.4848022,187.8733063,263.1320496,1.00306499,146.2605743
2019/9/24,165.8337885,8501.53413,284.3396606,285.1966248,185.3781891,260.9523315,1.004101992,144.904892
2019/9/25,169.605814,8433.333995,286.0214844,286.8070679,187.4590912,262.5489197,1.004902005,145.8182678
2019/9/26,165.67,8037.41157,285.4255981,286.2318726,186.7687531,262.031189,1.005321026,145.3760071
2019/9/27,173.3991986,8166.6136,283.88797,284.7077026,184.4511108,260.5614929,1.006368995,144.5106812
2019/9/30,180.5539628,8280.470968,285.2045593,286.1647949,186.206604,261.8487244,1.001386046,145.1836853
2019/10/1,175.8781769,8299.9,281.8121338,282.7041931,184.6878052,258.697998,1.00327301,143.2895813
2019/10/2,180.2111561,8357.899781,276.8340454,277.6427307,181.5122223,254.1354065,1.001127958,140.9627838
2019/10/3,174.6294118,8214.26249,279.1020813,279.9529419,183.5043793,256.1525574,1.002370954,142.1069794
2019/10/4,175.4518828,8135.755972,282.8789368,283.7682495,186.206604,259.7066345,1.005406976,143.962616
2019/10/7,179.8750194,8188.97,281.6583557,282.4933167,185.6444397,258.5922852,1.005491972,143.3953552
2019/10/8,180.56,8168.299321,277.285675,278.1220093,182.863327,254.5772095,1.005445004,141.0781555
2019/10/9,192.689547,8557.650001,279.9189148,280.7581787,184.6483917,256.9497986,1.000867963,142.3761749
2019/10/10,191.0884226,8556.341747,281.8121338,282.7425537,186.0783844,258.697998,1.000491977,143.2895813
2019/10/11,180.2477389,8235.850001,284.7337341,285.5609131,188.4748688,261.3972168,1.00701797,144.8279572
2019/10/14,186.4028449,8345.089627,284.4165649,285.3691406,188.4551697,261.1570435,1.002748966,144.6933746
2019/10/15,180.4300059,8163.155672,287.2323608,288.1778564,190.8516541,263.6833191,1.004289985,146.1163635
2019/10/16,174.4549419,8000.030454,286.7710876,287.6506653,190.3782806,263.2702637,1.004678965,145.8471222
2019/10/17,177.0955085,8072.709756,287.6167908,288.4558716,190.8812256,263.9811096,1.003134012,146.3278809
2019/10/18,172.6915868,7949.725345,286.3578186,287.2000427,189.0468597,262.8956909,1.001674056,145.7413635
2019/10/21,173.987508,8199.043944,288.2991028,289.2611084,190.7234344,264.7303467,1.002588034,146.6932526
2019/10/22,171.1567402,8022.147572,287.3572998,288.2546082,189.2046661,263.7986145,1.002693057,146.2509766
2019/10/23,162.3701777,7465.129099,288.1933594,289.088562,189.5695648,264.5766296,1.003170013,146.5490112
2019/10/24,160.1300005,7415,288.6643372,289.6061401,191.4137726,265.0089111,1.007722974,146.9528503
2019/10/25,181.4013432,8656.989984,289.8463745,290.7565308,192.9424133,266.1135254,1.000640035,147.5393219
2019/10/28,181.5305737,9212.054783,291.4801331,292.3862,194.8458252,267.6600342,1.001157999,148.4335022
2019/10/29,190.8593567,9409.426034,291.3936157,292.2902832,193.3368835,267.4871826,0.999634981,148.4046478
2019/10/30,183.1755713,9157.054187,292.2874146,293.2105713,194.2738037,268.4285278,1.002588034,148.7604218
2019/10/31,182.1272433,9141.895177,291.5089111,292.3478088,194.3625641,267.5639648,1.004974961,148.2412109
2019/11/1,182.9204309,9222.155589,294.2094421,295.2044983,196.1278687,270.1094971,1.00187397,149.8276672
2019/11/4,185.7216017,9390.769433,295.3914795,296.3164673,197.3409271,271.1852722,1.002729058,150.3757172
2019/11/5,188.8100019,9309.569224,295.0647888,295.9617615,197.4493866,270.8395081,1.003358006,150.2411041
2019/11/6,191.0849655,9342.300003,295.1320496,296.0960083,197.0056152,270.983551,1.001407027,150.1737823
2019/11/7,186.7,9213.690481,296.1699219,297.1505127,197.6663818,271.9440918,1.006103992,150.6833954
2019/11/8,183.866147,8776,296.9003296,297.8119812,198.4553528,272.6069031,1.002701998,151.1064301
2019/11/11,185.0307688,8735.800723,296.3333435,297.3230286,198.1890411,272.0785828,1.004065037,150.8083954
2019/11/12,187.1334221,8827.513873,296.9579773,297.8311462,198.7610626,272.6165466,1.002707005,151.0679626
2019/11/13,188.1762493,8775.51,297.0541077,297.9940186,198.8103943,272.7317505,1.004377007,151.1352692
2019/11/14,184.843107,8653.743924,297.4865417,298.415863,198.6525726,273.0968323,1.006939054,151.2891235
2019/11/15,180.0752638,8471,299.6392822,300.6302185,200.1121521,275.1332092,1.002589941,152.4428711
2019/11/18,178.4198365,8190.297868,299.86026,300.7644653,200.2699585,275.3060913,1.01362896,152.5294189
2019/11/19,175.7844917,8129.41,299.7738037,300.6973267,200.5658264,275.1715698,1.010225058,152.5774994
2019/11/20,174.7124,8096.8,298.6590271,299.5853271,199.3626556,274.2014465,1.007014036,152.096756
2019/11/21,161.0837996,7630.420047,298.1785278,299.1539612,198.918869,273.7788086,1.004042029,151.7121582
2019/11/22,149.5824509,7265.698903,298.8415527,299.7962036,199.0470428,274.3839417,1.001247048,152.0486908
2019/11/25,145.6123714,7107.694776,301.1576843,302.0585938,201.404129,276.4683838,1.000393033,153.4909058
2019/11/26,147.4917999,7154.9,301.8399658,302.6625061,201.7887421,277.0255127,1.007935047,153.8178101
2019/11/27,152.4898,7508.90446,303.1854553,304.1195679,203.1990051,278.3318787,1.007488012,154.5485382
2019/11/29,154.4559342,7741.471355,302.0610352,302.9787903,202.2719727,277.2656555,1.00304997,153.8562775
2019/12/2,148.87,7304.893671,299.4951172,300.4384766,200.2009125,275.0083008,0.998794019,152.4621277
2019/12/3,147.2592628,7291.5,297.4865417,298.3679199,198.6328583,273.0776367,1.002146006,151.5583038
2019/12/4,145.3,7187.9,299.322113,300.2180176,199.6387939,274.8258057,1.004955053,152.539032
2019/12/5,147.9591837,7389.366295,299.86026,300.850708,200.0332642,275.3348694,1.008944988,152.7601776
2019/12/6,148.5032422,7527.601434,302.5992432,303.5348511,202.1733551,277.7843323,1.003250957,154.11586
2019/12/9,147.3798103,7342.426723,301.6478271,302.633728,201.2561798,276.9389954,1.005753994,153.6255035
2019/12/10,145.5102041,7224.054947,301.3114319,302.3173523,201.0885162,276.6797485,1.006340981,153.4909058
2019/12/11,143.33,7210.272498,302.1667786,303.0842896,202.1536102,277.400116,1.000769973,153.8562775
2019/12/12,144.88,7197.404122,304.7711182,305.7684326,203.6625519,279.8399048,1.006965995,155.1158295
2019/12/13,144.8276119,7254.89688,304.9537964,305.8738403,204.3331451,279.9456177,1.003056049,155.1158295
2019/12/16,132.7543614,6895.703008,307.0488281,308.0725708,206.3844604,281.924408,1.003617048,156.250351
2019/12/17,121.9820729,6619.325,307.1160583,308.101532,206.5028229,281.9820251,0.99872601,156.3080444
2019/12/18,132.7147344,7276.503774,307.1352539,308.1207886,206.6605988,282.0012512,1.009050965,156.3753662
2019/12/19,128.1380468,7152.248111,308.3941956,309.4425354,207.9525757,283.1730652,1.009814978,157.0580292
2019/12/20,128.2159022,7188.898469,309.7462769,311.0247803,208.790863,284.6138916,1.005709052,157.8656464
2019/12/23,127.9062724,7319.381315,310.2195435,311.2466736,209.3423615,284.8928528,1.000583053,157.961792
2019/12/24,127.7557326,7261.876392,310.229187,311.2852783,209.4510345,284.8928528,1.010236025,157.9965973
2019/12/26,125.7194999,7203.9,311.8806152,312.8964844,211.2992554,286.3503418,1.005048037,158.7602692
2019/12/27,126.2882064,7252.835789,311.8033447,312.8385925,211.1213531,286.3503418,1.008643985,158.6152802
2019/12/30,131.6207706,7247.3,310.084259,311.1502075,209.7376556,284.7770691,1.009358048,157.7548981
2019/12/31,129.1410969,7193.736944,310.8375854,311.8544922,210.1330109,285.5105896,1.003730059,158.1706085
2020/1/2,127.21,6965.965771,313.7444763,314.8260498,213.6416779,288.0394897,1.005017042,159.485321
2020/1/3,134.5488426,7344.840128,311.3687439,312.4043884,211.6847229,285.9352722,1.005272985,158.4702759
2020/1/6,144.1779223,7756.352593,312.5566101,313.6392822,213.0486603,287.0066833,1.003118992,159.0116272
2020/1/7,142.8697256,8150.725379,311.6777649,312.7806702,213.0189972,286.21521,0.999499977,158.6346283
2020/1/8,140.5986183,8052.34313,313.3388977,314.3726196,214.6201019,287.6920166,1.004603028,159.4176483
2020/1/9,137.8279492,7821.524578,315.4635315,316.4950562,216.4386749,289.6803284,1.007030964,160.4133453
2020/1/10,144.8719063,8194.151954,314.5557251,315.6171265,215.8851929,288.8503113,1.000821948,159.9493103
2020/1/13,143.5460342,8108.027778,316.7190552,317.8265076,218.3758392,290.761322,1.004318953,161.041687
2020/1/14,165.8051392,8815.807767,316.2362061,317.3344727,217.515976,290.3753357,1.002370954,160.9546661
2020/1/15,166.3076731,8825.808015,316.9508362,318.0483704,217.6049347,291.0220032,1.001165032,161.3510284
2020/1/16,164.0918682,8724.527526,319.5872803,320.6918335,219.6903534,293.4543457,1.002668023,162.7333984
2020/1/17,169.9250287,8912.817164,320.5820618,321.7531128,220.7775574,294.4484863,1.004523039,163.1394196
2020/1/21,169.4772725,8735.770376,319.9542847,321.0584717,220.6787109,293.8404541,1.002642035,162.7913818
2020/1/22,168.0689619,8683.448902,319.9929504,321.1260071,221.2618408,293.9176636,1.001615047,162.8880463
2020/1/23,162.7971771,8405.69329,320.3598633,321.5215759,221.9734344,294.2071838,1.000879049,163.0717621
2020/1/24,162.63978,8441.247073,317.5109253,318.5982666,220.105484,291.5239563,1.002792954,161.5250397
2020/1/27,170.0257804,8910.588061,312.4213562,313.427063,215.5590515,286.8908997,1.019121051,159.0986481
2020/1/28,175.8011319,9383.165804,315.6953125,316.7651978,218.8700562,289.9988708,1.024196029,160.6356812
2020/1/29,173.8442001,9304.274634,315.4345703,316.543335,219.2258453,289.7092896,1.025096059,160.5293427
2020/1/30,184.7238115,9513.103431,316.458252,317.4984436,220.0066528,290.6165771,1.044028997,160.9160004
2020/1/31,179.9771685,9351.063253,310.7120361,311.8544922,216.5177612,285.4044495,1.028373957,158.0739288
2020/2/3,189.8216588,9296.350031,313.0202637,314.0927734,219.7891846,287.4796753,1.026433945,159.4659882
2020/2/4,188.9363626,9194.558171,317.7910156,318.9649353,224.8198853,291.9099731,1.024435997,161.9794159
2020/2/5,203.7159421,9609.607399,321.460907,322.5153198,225.561142,295.2110291,1.031869054,163.5744324
2020/2/6,213.1926525,9770.619088,322.5425415,323.7501831,227.5082092,296.2148743,1.024657011,164.0287933
2020/2/7,223.4977532,9815.223833,320.8235168,321.9943237,226.5297241,294.7091064,1.016931057,163.0911102
2020/2/10,222.9946194,9848.835319,323.2185364,324.3773193,229.2674713,296.822937,1.018856049,164.2897797
2020/2/11,236.7375473,10222.69497,323.778717,324.9754333,229.3070068,297.3634644,1.014909029,164.7441254
2020/2/12,265.7697772,10329.171,325.8647461,327.0593872,231.5406494,299.2745972,1.033136964,165.7784729
2020/2/13,268.5134554,10231.58767,325.5169983,326.6541748,231.2441711,298.9850159,1.019116044,165.7107849
2020/2/14,285.4449853,10341.09145,326.0385437,327.1269226,231.9063568,299.4869385,1.016723037,165.9815063
2020/2/18,282.6157448,10159.91001,325.1983337,326.3454285,231.995285,298.6664734,1.021221042,165.5948334
2020/2/19,258.6043883,9599.3,326.7531738,327.9083862,234.2190704,300.1046753,1.007413983,166.4358673
2020/2/20,257.1573718,9597.939731,325.4107971,326.5673218,232.0447388,298.9270935,1.009511948,165.9331665
2020/2/21,265.2085686,9679.20238,322.0596313,323.2099609,227.587265,295.8287354,1.011224985,164.231781
2020/2/24,265.5718309,9659.13,311.378418,312.4236755,218.81073,285.9352722,0.999536991,158.8279724
2020/2/25,246.7834781,9318.253334,301.9429932,303.0557251,212.8608398,277.3449097,1.000337958,153.9751282
2020/2/26,223.8506717,8789.23109,300.8323669,301.8883667,213.9579163,276.1191101,1.002997994,153.1244507
2020/2/27,227.55102,8818.994196,287.3214417,288.1885071,203.2442169,263.8800964,1.000619054,146.4155884
2020/2/28,226.8504815,8695,286.1143188,285.4871826,203.4023743,262.2875061,0.992981017,145.4295654
2020/3/2,231.8076402,8908.998851,298.5048523,299.4667664,213.8986053,273.995575,0.994211018,151.4520874
2020/3/3,223.8440699,8753.595027,289.9579773,290.8802185,207.0394592,266.4379578,1.002810001,147.5466156
2020/3/4,224.3416465,8752.168217,302.1457825,303.6635742,215.6776733,277.480011,1.000452995,153.4434662
2020/3/5,228.5436398,9056.830214,292.1019897,293.0606995,209.1248932,268.1850281,1.004377007,148.3296967
2020/3/6,244.875,9132.390961,287.2731628,288.1789246,205.5964966,263.6871033,0.99743402,145.5745697
2020/3/9,202.8955718,7930.3,264.8387451,265.120697,191.3148499,243.3403473,1.001111031,133.8872375
2020/3/10,200.545,7891.259671,278.5427246,279.3511353,201.7320404,255.8287506,1.001518965,140.5284119
2020/3/11,194.5051217,7933.544223,264.9642334,265.7671204,192.9456177,243.1444702,0.997317016,133.4135742
2020/3/12,108.1468583,4791.029742,239.6132202,240.1908722,175.2541809,219.6281281,1.040552974,120.440506
2020/3/13,134,5570.045384,260.0969238,261.9851685,190.0991669,240.1479492,1.002521992,131.402832
2020/3/16,110.9754502,5023.98444,231.6361237,231.6622314,167.3276062,211.9574432,0.998602986,116.4480515
2020/3/17,115.5406,5317.990742,244.1426239,246.3943787,180.0180054,225.8345184,0.97023797,122.2868881
2020/3/18,118.1266758,5390.157006,231.7809448,232.6752319,174.5425568,213.489624,0.970124006,115.2396927
2020/3/19,136.6552293,6166.854359,232.2734833,233.5339203,175.5901947,213.6738892,1.002104044,116.0903702
2020/3/20,133.3077839,6208.745217,222.2638702,223.0178375,168.7113037,204.3643341,0.996585011,111.3535843
2020/3/23,135.9569893,6470.603015,216.5809631,216.7371521,168.8331146,198.0900879,0.991020977,108.1828079
2020/3/24,138.478085,6747.40854,236.2039032,237.2193604,181.9071198,216.9807587,0.995981991,118.4491119
2020/3/25,136,6680.559004,239.7399292,240.2492828,180.5600891,219.7639008,0.997521996,120.0828171
2020/3/26,138.5124647,6736.737861,253.7382813,254.7145233,190.0684662,232.9718781,0.994055986,127.3729324
2020/3/27,131.3834989,6364.217073,246.180542,246.8217773,183.5314789,225.8151245,1.012163997,123.312088
2020/3/30,132.0622211,6393.917289,254.1754303,254.7048187,190.2071228,233.1172943,1.005465984,127.0523453
2020/3/31,132.867,6410.982209,250.3868408,250.8603668,188.5827789,229.655304,1.001333952,125.2356415
2020/4/1,135.6809081,6643.996446,239.1182098,239.5988464,180.5700226,219.3081207,0.99574703,119.455246
2020/4/2,141.4019627,6793.958633,244.6359406,245.2198792,184.2346802,224.4380951,0.999602973,121.942276
2020/4/3,141.3671552,6737.353136,241.0999451,241.7540741,181.6198883,221.1215668,1.000666022,119.8632584
2020/4/6,171.2147654,7332.379843,257.2937012,258.0444641,194.6047668,236.1623077,0.996729016,128.2472687
2020/4/7,164.6474597,7201.539212,257.5560303,258.1511841,194.5255127,236.2883911,0.996327996,128.3930206
2020/4/8,172.9469969,7359.399528,266.2017822,266.9760132,198.6557312,244.3081818,0.995845973,132.9007568
2020/4/9,169.7334036,7285.288382,270.2526855,270.9757996,198.9429626,247.9350281,1.001512051,135.3878021
2020/4/13,156.3621937,6837.439286,267.7851868,268.3739929,201.0922394,245.5300598,0.99842298,133.7751007
2020/4/14,158.46,6868.273217,275.6829529,276.5192261,209.8379822,253.0262299,0.995926976,137.835968
2020/4/15,152.8780934,6621.14645,269.8252258,270.4418335,207.4311523,247.5180359,0.999661028,134.6008759
2020/4/16,172.2755019,7102.970078,271.1269226,271.8786621,211.2146912,248.7690125,1.001096964,135.2323303
2020/4/17,170.6962049,7027.973256,278.4515381,279.1889343,213.2352295,255.6348114,1.00564301,139.0600433
2020/4/20,170.35,6829.131469,273.5457458,274.2183533,210.7095795,251.0285187,1.00218904,136.8061523
2020/4/21,170.7211449,6842.936459,265.2400513,265.8692017,202.9345093,243.3578186,1.002432942,132.56073
2020/4/22,182.7003175,7124.344336,271.1269226,271.8883667,208.9564819,248.7108154,1.000529051,135.552948
2020/4/23,188.8023026,7553.060485,271.1074219,271.8106995,208.5107727,248.662323,0.993807971,135.5723877
2020/4/24,187.4497175,7502.897565,274.8863831,275.6163025,211.7990875,252.2698059,1.006198049,137.5930939
2020/4/27,196.4311882,7773.240743,278.8497925,279.7811279,213.5026703,255.9160156,1.002315044,140.0315399
2020/4/28,196.3694435,7741.740465,277.5675354,278.2763672,209.4814148,254.7329712,1.004223943,139.5943604
2020/4/29,215.3509848,8777.187162,284.8338013,285.547821,216.9098511,261.2981567,1.005151033,143.5483398
2020/4/30,206.3543615,8624.959057,282.1818848,282.6644897,216.8206787,259.0192566,1.001821041,141.6830902
2020/5/1,212.0676215,8822.748108,274.7115479,275.2571411,210.7095795,251.9594727,1.004920006,137.7679443
2020/5/4,206.5866309,8870.712568,275.4692993,276.3250122,213.1659088,252.754715,1.002652049,138.2925568
2020/5/5,205.3507225,9021.234209,278.0143738,278.7618103,215.5826263,255.0820465,0.999118984,139.5749207
2020/5/6,199.0816327,9150.849,276.1298218,276.9269104,216.9098511,253.3655701,1.008072972,138.8074646
2020/5/7,211.8022069,9978.848899,279.461853,280.2083435,219.7029419,256.3620911,1.000923991,140.6241455
2020/5/8,211.4530259,9801.292669,284.0858154,284.8973999,222.713913,260.648407,1.003993034,143.2666473
2020/5/11,185.674928,8559.793139,284.144104,284.8877258,224.7047577,260.6871948,0.99732101,143.2860718
2020/5/12,189.8528708,8814.023687,278.4806519,279.0821838,220.0000458,255.4408875,1.001191974,140.2355652
2020/5/13,199.6058078,9305,273.555481,274.2960205,217.246582,250.9121552,1.001011014,137.4181976
2020/5/14,203.1310607,9792.073477,276.8292542,277.5773621,219.7128448,253.9377594,0.996882975,138.8948975
2020/5/15,194.805,9318.178211,278.1018372,278.7812195,221.1390991,255.0820465,1.002948046,139.7303925
2020/5/18,214.8687235,9733.081763,286.5727539,287.4020996,225.2593536,262.8788147,1.001309991,144.3644257
2020/5/19,214.5,9771.421265,283.6292114,284.4411011,224.694809,260.3963013,0.995395005,142.8294525
2020/5/20,209.8701386,9511.354982,288.4475708,289.2952271,229.1815948,264.6437683,0.999987006,145.4719086
2020/5/21,198.7094361,9068.426512,286.4561462,287.1788635,226.6856232,262.743042,1.001997948,144.59758
2020/5/22,207.266034,9167.652871,287.0001221,287.7613525,227.4680939,263.3346252,1.003144026,145.0055847
2020/5/26,200.9910002,8844.245212,290.5361328,291.4116211,226.8540039,266.7190247,0.999370992,147.0263062
2020/5/27,208.2598091,9200.770012,294.8590088,295.6638184,228.0920563,270.607666,1.002329946,149.348175
2020/5/28,220.3554234,9575,294.315033,295.0813293,227.7949371,270.0743713,0.998959005,148.8332977
2020/5/29,220.5524955,9418.949256,295.6264343,296.2754517,231.132782,271.2865295,1.002418995,149.3287811
2020/6/1,247.81,10179.33451,296.8213196,297.7315979,231.8260956,272.4696045,1.002444029,150.3391418
2020/6/2,237.7753938,9524.002332,299.2790527,300.2072754,233.3811188,274.7097168,0.998905003,151.4757538
2020/6/3,244.5221033,9667.138065,303.2619019,304.2458496,234.4309998,278.3365479,0.999940991,153.8365326
2020/6/4,243.3030686,9794.772072,302.465332,303.2264709,232.7868195,277.6286621,1.00137198,153.350769
2020/6/5,240.158237,9622.718642,310.2173767,311.1289978,237.4023438,284.7271729,1.002861023,157.2853088
2020/6/8,246.4474612,9779,313.9671326,314.9346008,239.2445984,288.1794739,0.998395026,159.4226379
2020/6/9,243.888955,9774.311355,311.625946,312.6143494,240.9779053,286.1333618,1.002923012,157.9653931
2020/6/10,247.8982672,9882.684377,309.887085,310.7697144,243.8700562,284.3490295,0.999464989,156.7898865
2020/6/11,230.4326393,9276.383592,292.0224304,292.7901611,231.7864838,267.9603271,1.002308011,147.541214
2020/6/12,237.6175437,9463.701259,295.5195923,296.4501343,233.6287231,271.1895752,1.00149405,149.5813599
2020/6/15,230.6482827,9423.975058,298.2784729,299.17099,236.4713287,273.662384,1.000926018,151.1843262
2020/6/16,235.1776317,9523.528013,304.0196533,304.9225464,240.5322113,279.0154419,1.000151038,154.0890808
2020/6/17,233.8132453,9463.584191,302.7567444,303.5480652,241.2948456,277.735321,1.001180053,153.3410492
2020/6/18,231.2515514,9386.025567,302.8733521,303.7819519,241.9485626,277.9874268,1.002308011,153.4673615
2020/6/19,228.9071763,9306.475376,301.1424866,301.9297791,241.9089355,276.3485718,0.998489976,152.6027069
2020/6/22,243.1640932,9682.742463,303.0743408,304.0939026,244.8100586,278.1813965,0.996190012,153.6616669
2020/6/23,243.1616525,9623.964771,304.469574,305.3319702,246.8936462,279.4421082,1.001976013,154.2639771
2020/6/24,234.7177693,9296.95467,296.7029724,297.6209412,241.8037567,272.2950439,1.001754999,150.0767975
2020/6/25,232.4436625,9251.717869,299.8837891,300.740509,244.1056213,275.1752014,1.000061989,151.8920135
2020/6/26,229.6418471,9164.51812,292.7611084,293.5656128,238.3410492,268.7263489,0.999839008,148.3592224
2020/6/29,227.9507431,9188.921308,297.0639954,297.9719238,240.9405823,272.6479797,0.999404013,150.5355072
2020/6/30,225.5956473,9135.739101,300.8692322,301.9005127,245.6633606,276.283905,0.99970299,152.7606049
2020/7/1,230.8482972,9230.368496,302.9768066,303.9671631,248.5307312,278.1750183,1.000324965,153.6486664
2020/7/2,226.4344175,9085.515184,304.6452637,305.565979,250.2174377,279.5787048,1.005746007,154.2635193
2020/7/6,241.528337,9344.659714,309.348114,310.2549744,256.3689575,283.9165344,0.99920702,156.693573
2020/7/7,239.4045521,9254.845314,306.1575623,307.0574646,254.6028442,280.9725952,1.000144958,155.1027832
2020/7/8,247.0369601,9437.203866,308.4992371,309.3483582,257.9564514,283.0586548,0.999224007,156.3714905
2020/7/9,242.0829986,9239.35,306.7430115,307.7788391,260.129303,281.6159973,1.00367403,155.4053345
2020/7/10,240.8982047,9282.778615,309.875,310.8788757,261.905304,284.4428711,0.999930024,157.0741577
2020/7/13,239.6484732,9241.94224,307.1918335,308.1200562,256.5177307,281.8694458,1.002431035,155.3760681
2020/7/14,240.4283115,9255.269592,311.17276,312.1169434,258.3334351,285.6419067,0.998808026,157.4157257
2020/7/15,238.6504401,9198.953819,314.0315247,315.0317688,258.8592834,288.1763306,0.999521017,159.367569
2020/7/16,233.5820035,9133.924467,312.9972839,313.9399109,257.0932312,287.3379822,0.999943018,158.6551514
2020/7/17,232.7711036,9156.158618,313.9047241,314.8659668,257.3908691,288.0983276,0.999219,159.2602234
2020/7/20,236.0177673,9160.313375,316.4415894,317.4688416,264.6932983,290.4963074,0.99883002,160.4801331
2020/7/21,245.5,9384,317.1148071,318.0440063,261.9350891,291.100647,0.997547984,160.9387817
2020/7/22,263.6170088,9515.2214,318.9198303,319.915741,262.8577881,292.757843,1.000699997,161.7780762
2020/7/23,275.3946678,9603.839995,315.114563,316.0455627,255.9918976,289.2583313,0.997654974,160.0116882
2020/7/24,279.1518902,9539.546117,313.0851135,314.0276184,253.5610809,287.3867188,0.998066008,158.7722626
2020/7/27,321.7286032,11024.04944,315.3682861,316.3380127,258.0853577,289.4825439,0.998512983,160.1385345
2020/7/28,316.6316383,10907.1591,313.368103,314.3883057,254.8013,287.6889648,0.998609006,158.9674377
2020/7/29,317.7195695,11101.044,317.2221069,318.1707458,257.7381592,291.1689453,1.000049949,161.0754242
2020/7/30,334.7586594,11098.88966,316.0903015,317.0789795,259.0875549,290.1063538,0.999816,160.714325
2020/7/31,346.414833,11336.33891,318.5880737,319.5745239,263.7110596,292.5335999,1.006482959,161.5341034
2020/8/3,385.8,11223,320.8029785,321.8069153,267.2729797,294.3759766,1.000051022,162.9394379
2020/8/4,389.439,11190.41613,322.0421448,322.96698,268.2651672,295.6139526,1.000049949,163.5835266
2020/8/5,400.7184052,11741.19549,324.0423279,325.0629272,268.9299316,297.4562988,1.000128031,164.7741394
2020/8/6,394.8836636,11762.87224,326.2083435,327.2660217,272.4918518,299.4545898,1.000236988,165.5744019
2020/8/7,379.2825395,11594.2044,326.4425659,327.500061,269.3466492,299.6105347,1.000269055,165.7110138
2020/8/10,395.704772,11890,327.4183044,328.4846191,268.1957092,300.5658875,1.002071977,166.1697235
2020/8/11,379.5871695,11395.54,324.7155457,325.7355957,263.1157837,298.1387024,1.001999021,164.8327026
2020/8/12,387.0278004,11565.67688,329.2428284,330.2783508,269.7335815,302.2229919,1.004197955,167.0382843
2020/8/13,424.1430584,11774.903,328.647644,329.7129517,270.3487549,301.7063293,1.005012035,166.9114227
2020/8/14,437.876674,11755.71339,328.6574402,329.6837158,270.03125,301.7063293,0.999605,166.8626251
2020/8/17,430.6532,12282.77484,329.701416,330.7462769,273.1665039,302.6811523,0.99802202,167.575058
2020/8/18,422.0056508,11950,330.4136963,331.4481812,275.7957764,303.3147278,1.001340032,167.8287811
2020/8/19,407.6376288,11750,329.0379333,330.1028442,273.9403992,302.0280762,1.001580954,167.1749268
2020/8/20,415.7564056,11856.72341,330.062439,331.1166992,277.7404785,302.9833374,0.999719977,167.6531067
2020/8/21,387.5280477,11527.47642,331.2333069,332.2767944,279.6652527,304.0653687,1.002434015,168.0727844
2020/8/24,407.919504,11749.27555,334.5897217,335.6887512,281.411499,307.1554871,1.000630021,169.6830139
2020/8/25,383.016269,11323.25286,335.7605286,336.8000488,283.624054,308.2276917,1.001706958,170.2490692
2020/8/26,385.6437366,11460.7,339.12677,340.2218018,289.6763916,311.3762207,1.001392007,171.7910309
2020/8/27,383.2,11328.72874,339.8682861,340.9627075,288.773468,312.0001221,1.00128901,172.2009125
2020/8/28,395.2837634,11521.4942,342.0635986,343.1463318,290.2419128,314.0276794,1.001706958,173.4012756
2020/8/31,433.7082026,11650,340.8244629,341.9472656,292.5735474,312.926178,1.003908992,173.01091
2020/9/1,475.95105,11921.4429,344.0345459,345.1545105,297.5741272,315.8505249,1.001186013,174.5431061
2020/9/2,439.8,11385.8393,349.0107117,350.2042236,300.3918457,320.4514771,1.000190973,176.8755341
2020/9/3,381.2592081,10156.8875,336.9997253,338.0966492,285.1619568,309.3584595,1.003031015,170.7272644
2020/9/4,385.3001184,10454.12873,334.24823,335.3280945,281.3618774,306.8824768,1.003458977,169.2731323
2020/9/8,337.3443974,10126.64089,325.1156006,326.2132874,267.8385315,298.4506226,1.003494024,164.5204315
2020/9/9,350.8443572,10220.58792,331.5357056,332.5985107,275.706543,304.3382568,1.001889944,167.7409668
2020/9/10,367.7698168,10339.56991,325.7791138,326.7883911,270.2098389,299.0159302,1.002740979,164.9888611
2020/9/11,373.7445509,10387.11534,325.9449463,326.9443665,268.3346558,299.2401428,1.001510978,165.0473938
2020/9/14,377.1314887,10677.3403,330.2380981,331.2922058,273.007782,303.1295471,1.001939058,167.6238251
2020/9/15,363.9611075,10784.78434,331.9065552,332.9786682,276.8772583,304.689209,1,168.580246
2020/9/16,365.0082709,10953.73472,330.5893555,331.6528931,272.4620361,303.4609985,0.997973025,168.0239716
2020/9/17,389.3019902,10938.06251,327.6817017,328.8063049,268.2056274,300.8095398,1.000429034,166.6381531
2020/9/18,384.3282478,10933.83601,323.9092407,324.9556885,264.7826233,297.3100891,0.999641001,165.0181122
2020/9/21,340,10412.84157,320.3042297,321.3389587,265.4176331,294.0835266,1.001842976,163.0272675
2020/9/22,344.2028679,10528.47597,323.5663452,324.5949707,270.3487549,297.0565796,1.000259995,164.6472931
2020/9/23,320.3886,10236.29333,316.0625305,317.0408325,262.093811,290.1746521,1.000995994,160.675293
2020/9/24,349.036,10736.12604,316.9049377,317.8731995,263.31427,290.973938,1.000223994,161.0168457
2020/9/25,351.7123827,10684.59556,322.0283203,323.0437927,269.4359131,295.6334534,1.000360012,163.6078033
2020/9/28,353.8681247,10695.90822,327.3770447,328.4102173,275.0318604,300.5853577,1.000125051,166.5769501
2020/9/29,359.3581063,10840.70946,325.5941162,326.5986023,273.7915955,298.8711853,1.000550985,165.6460266
2020/9/30,359.2538908,10779.82643,328.0628357,329.0957031,275.6667786,301.1717529,1.000563979,166.8905182
2020/10/1,353.1804021,10621.22475,330.1689148,331.2305603,280.0423279,303.0807495,1.000815988,168.2819977
2020/10/2,345.3821808,10567.96364,327.0341492,328.1066589,272.1644287,300.2613525,1.000496984,166.9689178
2020/10/5,353.2795675,10791.94657,332.8334961,333.8354187,277.968689,305.5084534,1.00047195,169.9772949
2020/10/6,340.6015104,10601.54935,328.1019287,329.0957031,273.007782,301.2402649,1.000882983,167.8802643
2020/10/7,341.7391304,10669.28501,333.8131104,334.8146973,277.7305298,306.4091187,1.000167966,170.8102112
2020/10/8,350.6077395,10920.5784,336.7715149,337.8308716,279.2089233,309.1207581,1.000430942,172.309494
2020/10/9,364.970923,11053,339.7789612,340.7980957,283.4752502,311.871582,1.000727057,173.7597809
2020/10/12,386.7,11530.06745,345.2452087,346.3604126,292.2262573,316.9033508,1.000391006,176.3369598
2020/10/13,381.026309,11419.73148,342.9920959,344.1080933,292.2163086,314.8769531,1.000429988,175.4060516
2020/10/14,379.178,11414.97012,340.8369141,341.9536438,289.7755737,312.9092712,1.000802994,174.2399597
2020/10/15,377.4405796,11499.62871,340.4157104,341.5325317,287.8309021,312.5372925,1.000452042,174.2987366
2020/10/16,365.3316425,11315.87997,340.2099915,341.2290344,286.2533569,312.2729797,1.000643015,173.9851532
2020/10/19,379.0533476,11748.7018,335.0376587,336.1073608,281.5801697,307.5544739,1.000638008,171.4961395
2020/10/20,368.3727291,11908.60322,336.3796997,337.4293823,282.1854248,308.7683716,1.000439048,172.0939178
2020/10/21,391.0987093,12786.80274,335.7429504,336.7732849,281.9671631,308.2103271,0.999956012,171.5059509
2020/10/22,413.97092,12969.15028,337.5845947,338.6926575,281.9572144,309.9038696,0.999993026,172.7210693
2020/10/23,409.1619567,12921.99379,338.7307129,339.7698669,282.5128479,310.9611511,1.000313044,173.2894135
2020/10/26,392.8245526,13052.04675,332.4710388,333.5318298,278.2762146,305.234314,1.000175953,170.1438751
2020/10/27,403.7464353,13631.59509,331.3248901,332.3959045,280.4490967,304.2260437,0.999994993,169.4579163
2020/10/28,388.5780829,13273.89923,320.0005798,321.0852051,269.5153503,293.7513733,1.000082016,163.8429718
2020/10/29,386.464537,13447.1,323.2528687,324.2874756,274.2281494,296.8448486,1.000146031,165.3912201
2020/10/30,382.2994728,13557.86175,319.8829956,320.8306885,267.2729797,293.5066223,1.000265002,163.6371918
2020/11/2,383.3474621,13558.84301,323.4683838,324.4931335,267.8683167,296.9231262,1.000267982,165.3422394
2020/11/3,387.7769522,14014.59395,329.1795349,330.2904358,272.5017395,302.1604614,0.999971986,168.5171967
2020/11/4,402.0555,14133.45522,336.5364685,337.5860901,284.6658325,308.9641113,1.000347972,172.1919098
2020/11/5,416.4720679,15586.95349,343.099823,344.1863708,292.0874023,315.0139771,0.999988019,175.7490387
2020/11/6,455.9481,15579.32478,343.0214844,344.1570129,292.3056641,314.9748535,1.000141025,175.6608276
2020/11/9,444.1,15316.51765,347.3317261,348.4560547,286.3327026,318.9004211,0.999931991,177.7480621
2020/11/10,450.3430153,15303,346.8223877,348.0055847,281.203186,318.4892273,1.000324965,177.4541016
2020/11/11,463.8221404,15686.80233,349.3987732,350.5125122,287.4935608,320.7310486,1.000149965,178.894577
2020/11/12,462.2924907,16292.95533,346.0092773,347.1731567,286.1442261,317.7648315,0.99920702,177.1307068
2020/11/13,476.487244,16319.49151,350.7996216,351.8932495,288.6543884,322.0820007,1.00001204,179.639328
2020/11/16,460.1468004,16711.46459,355.1784668,356.2608643,290.9067078,325.987915,1.000162005,181.8343353
2020/11/17,482.3907753,17652.77349,353.268219,354.4491882,289.9839478,324.362854,1.000076056,181.4227753
2020/11/18,478.167776,17778.24324,349.0167236,350.1795349,287.8408203,320.4275513,1.000120997,179.502121
2020/11/19,471.4151877,17802.86582,350.486145,351.5995483,290.0930786,321.7687073,1.000187993,180.5016327
2020/11/20,510.1201811,18656.0411,348.0860596,349.2394714,288.1087341,319.6150208,1.000038981,179.5511322
2020/11/23,608.8687483,18372.64502,350.1726379,351.3351135,288.1186523,321.5043945,0.999819994,181.0209961
2020/11/24,605.0169497,19157.86393,355.8152161,356.9561157,292.1667175,326.7123718,0.999830008,183.8235931
2020/11/25,570.066207,18736.61808,355.2666626,356.4469604,293.9625549,326.1739807,1.000053048,183.7549896
2020/11/27,518.5090211,17135.64934,356.2561035,357.4164124,296.6712646,327.1039429,1.000769019,184.4017181
2020/11/30,616.536735,19687.74172,354.6788635,355.790802,297.2764282,325.6355591,1.000192046,182.9514313
2020/12/1,585.28,18763.44978,358.558136,359.7079468,301.0864258,329.2184753,1.000226974,185.27388
2020/12/2,597.612789,19225.36802,359.312439,360.4717407,301.4733887,329.9135132,1.000051975,185.4306335
2020/12/3,616.2475723,19428.82938,359.2144775,360.4032288,301.8999939,329.8156128,0.999988019,185.8030243
2020/12/4,567.786275,18661.57242,362.3100891,363.4977112,303.1303101,332.6545715,1.000054002,187.6649017
2020/12/7,591.0232042,19179.75841,361.5655518,362.8220215,304.8468018,332.0378418,1.000007987,187.4591064
2020/12/8,555.2271876,18330,362.6235352,363.8306885,305.8786316,332.9972229,1.000102043,188.2724152
2020/12/9,573.4152225,18554.97687,359.3712158,360.6480103,298.9532471,330.040802,1.000789046,186.4203796
2020/12/10,558.4221121,18241.2295,359.2536621,360.452179,300.153717,329.8841248,1.000046015,186.6947632
2020/12/11,544.2305542,18020.40816,358.832428,360.001709,299.4890137,329.4631653,0.999993026,186.3615723
2020/12/14,586.2672334,19278.77221,357.2258301,358.3689575,301.6619263,327.9555969,0.999971986,185.832428
2020/12/15,588.6971452,19426.77141,362.0553284,363.2475586,304.8864441,332.4881592,1.000231981,188.3802338
2020/12/16,637.739896,21329.05338,362.6235352,363.8278198,306.5632629,332.9972229,0.999866009,188.6447906
2020/12/17,643.1767509,22800.28872,364.6513367,365.8540039,308.5674133,334.8082275,0.999828994,190.1244965
2020/12/18,653.6072907,23102.4693,363.195343,364.4081421,307.6347656,333.4671021,0.999897003,189.5855255
2020/12/21,608,22713.86242,361.8967285,363.2081604,307.0592651,332.439209,0.999866009,189.0367584
2020/12/22,636.9849205,23808.3348,361.2867737,362.5098877,307.894165,331.7835693,0.999970973,189.0759583
2020/12/23,585.8901323,23235.17254,361.6114197,362.824585,306.3436279,332.0489502,0.999939024,189.3993225
2020/12/24,612.4335773,23738.86113,363.0182495,364.2311096,307.6954346,333.375946,1.000074029,189.716156
2020/12/28,730.5003614,27076.17528,366.1368408,367.3982239,310.7966309,336.2756042,1.00010097,190.9165192
2020/12/29,732.2456533,27370,365.4383545,366.6900635,311.0749512,335.5679321,0.999978006,190.1195679
2020/12/30,752.0122161,28884.25429,365.9597473,367.1720276,311.0848999,336.02005,1.000010967,190.6311798
2020/12/31,735.9731816,28920.32546,367.8191528,369.2277527,311.8501892,337.8286743,0.999807,191.5068665
2021/1/4,1042.587666,31996.26898,362.8116455,364.1425781,307.4469299,333.2481384,0.999372005,188.7814636
2021/1/5,1100.216718,33945.29023,365.3104553,366.5523376,309.9815369,335.4401245,0.999749005,190.306488
2021/1/6,1207.880261,36755.11736,367.4944763,368.7654419,305.6876221,337.4747925,0.999680996,192.0185089
2021/1/7,1224.811492,39430.3895,372.9545288,374.2243042,313.0827942,342.517334,0.99791199,195.0980988
2021/1/8,1217.733127,40600,375.0794983,376.3587036,317.1083679,344.4438782,0.999683976,196.0426483
2021/1/11,1088.351444,35438.70366,372.551178,373.8997803,312.5261536,342.1929321,0.999951005,194.8718109
2021/1/12,1051.52307,34063.08865,372.6298828,373.9587708,312.0291443,342.2224731,1.000597954,195.5605316
2021/1/13,1128.9,37369.23926,373.6333313,374.9029846,314.1363831,343.0775757,0.999810994,195.7769928
2021/1/14,1232.156312,39158.75643,372.3248901,373.6046753,312.4565735,341.9177246,1.000115037,195.5900421
2021/1/15,1169.492336,36745.86292,369.6096497,370.909668,309.9815369,339.480011,1.000084996,193.8878937
2021/1/19,1366.789171,35894.65613,372.5118103,373.8112183,314.5041809,342.1634521,1.000041008,195.6589355
2021/1/20,1376.786238,35482.96897,377.6668701,378.9553528,321.8197937,346.8127747,0.999976993,198.1285095
2021/1/21,1111.264362,30841.82799,378.0111694,379.2897644,324.3941956,347.1371765,1.000419021,197.9809418
2021/1/22,1233.435184,32969.66672,376.6732483,378.0013123,323.4598694,345.8986816,1.000275016,197.65625
2021/1/25,1318.888172,32275.90007,378.158783,379.5061646,326.1336975,347.3042297,1.000043988,198.2170868
2021/1/26,1365.119017,32490.94849,377.5684814,378.9455261,326.6107483,346.7832947,1.000069976,197.4988251
2021/1/27,1239.228773,30363.055,368.3405457,369.6998596,317.5059814,338.3692627,1.000018001,192.7564087
2021/1/28,1328.783204,33350.57651,371.5083618,372.8276672,319.3845825,341.2099915,0.999577999,194.2716217
2021/1/29,1379,34258.12206,364.0709229,365.4212341,312.6652832,334.3785095,0.999970973,190.8673248
2021/2/1,1374.481755,33537.99227,370.131012,371.4014282,320.4779968,339.87323,0.999945998,194.124054
2021/2/2,1512.030403,35489.92213,375.3648071,376.6734619,325.7062378,344.7584534,1.000421047,196.908493
2021/2/3,1665.006486,37633.95781,375.6599426,376.9685059,324.414093,345.1024475,0.999750972,197.2036438
2021/2/4,1596.270659,36971.58281,379.9295959,381.2372742,328.2508545,348.9654541,0.999741018,199.7027588
2021/2/5,1720,38271.81086,381.4249268,382.7323303,329.3640747,350.3612671,0.999944985,200.8244019
2021/2/8,1749.069728,46359.36505,384.1795654,385.6142273,331.5707397,352.9464111,0.999796987,202.6249695
2021/2/9,1768.671822,46453.22694,383.9237671,385.2896729,331.5011902,352.6612854,1.000040054,202.7036896
2021/2/10,1741.973808,44816.95704,383.7565002,385.1322632,330.7457581,352.5237427,1.000017047,202.6151123
2021/2/11,1786.577732,47974.24888,384.3762817,385.7814331,332.5646667,353.0938416,0.999844015,203.0972443
2021/2/12,1840.873521,47340.41891,386.2750244,387.709259,334.4234314,354.8926086,0.999823987,204.1500092
2021/2/16,1782.887754,49171.45502,385.9404907,387.4043274,333.5189209,354.5584106,1.000113964,203.7859802
2021/2/17,1849.697668,52098.25632,386.0290833,387.4535522,331.9186401,354.6370544,0.999840975,203.3628998
2021/2/18,1942.5,51586.06325,384.3861389,385.8109436,330.4674072,353.123291,1.000046015,202.1920319
2021/2/19,1955.821093,55878.33097,383.7073059,385.0831299,329.0261536,352.4745178,1.000051022,202.6544952
2021/2/22,1777.381952,54115.72652,380.7559509,382.1520081,320.4978638,349.7026062,1.000074029,200.7260284
2021/2/23,1577.936919,48893.56663,381.2183533,382.5552673,319.5436401,350.144989,1.000221014,200.6965179
2021/2/24,1622.739266,49694.85028,385.4191284,386.7552185,322.1776733,354.0177917,1.000229001,202.9496613
2021/2/25,1481.856575,47071.98876,376.1321106,377.480011,310.9456787,345.525116,1.000072002,197.6464233
2021/2/26,1445.978916,46310,374.1940918,375.5029907,312.2478333,343.6280212,0.999985993,196.8592834
2021/3/1,1570.5496,49601.29372,383.2645874,384.6109619,321.6408997,352.0125732,0.999756992,201.9165497
2021/3/2,1486.121388,48415.66421,380.2739258,381.6503906,316.4821472,349.2897949,1.000077963,200.0176086
2021/3/3,1567.72102,50384.4276,375.2368774,376.5554199,307.297821,344.6798401,1.000002027,197.1347809
2021/3/4,1538.383296,48358.98187,370.5934143,371.893219,302.26828,340.4334412,1.000162959,194.0158081
2021/3/5,1527.846059,48732.36292,377.4110718,378.7488098,306.8206787,346.6751709,1.000277042,197.5184937
2021/3/8,1832.431659,52386.42655,375.5320435,376.8996887,298.1333313,344.9746704,0.999984026,196.5542908
2021/3/9,1871.054607,54887.34381,380.8937073,382.2109985,309.8921204,349.8009644,1.000074029,199.6043854
2021/3/10,1794.285327,55858.02174,383.2645874,384.5519714,309.0074768,351.9634094,1.000051975,201.0310516
2021/3/11,1825.718,57790.97971,387.1506348,388.5059509,316.1243591,355.6789551,1.000128984,203.6580811
2021/3/12,1766.142239,57248.20001,387.6720276,389.1157837,313.5598755,356.1802673,1.000174046,204.0614624
2021/3/15,1794.633856,55638.21084,389.9838867,391.4764099,316.9095459,358.2444153,1.000084043,205.4881287
2021/3/16,1805.094112,56900.99599,389.4920044,390.9256287,318.6490173,357.8414612,0.99999398,204.6616364
2021/3/17,1823.257523,58893.02454,390.8201599,392.2042542,319.9610596,359.0111389,0.998902023,205.4389343
2021/3/18,1776.569767,57662.26013,385.1338501,386.4797974,310.1604919,353.7327271,1.000993967,201.7000885
2021/3/19,1810.265673,58053,384.4212341,385.7617798,311.2538452,353.1036987,1.002437949,201.9559021
2021/3/22,1681.049237,54086.66063,387.4908142,388.8108826,317.0908508,355.8952332,1.001309991,203.0480194
2021/3/23,1668.060934,54376.24805,384.4409485,385.7814331,315.7075195,353.2805786,1.000803947,200.7358704
2021/3/24,1582.576271,52319.80548,382.4866638,383.8044128,310.3829956,351.3245239,1.001554012,199.0730896
2021/3/25,1586.577803,51328.05852,384.6383667,385.9963379,309.8456116,353.3002319,1.000830054,200.5459442
2021/3/26,1698.924961,55016.76872,390.836792,392.2434387,314.4933167,359.0638123,1.000800967,203.8233948
2021/3/29,1817.4,57620.80945,390.6393738,392.046051,314.4037781,358.8468323,1.000023961,202.8658142
2021/3/30,1840.770161,58748,389.6030273,391.0788879,312.8213196,357.9294128,1.000558019,202.8065796
2021/3/31,1919.437812,58743.33752,391.1822205,392.6085815,317.6084595,359.349884,0.999605,204.0405731
2021/4/1,1967.9258,58723.0209,395.4066162,396.8127441,323.0224915,363.1574097,1.000869036,206.5973663
2021/4/5,2106.469174,59113.17863,401.0819397,402.5071716,329.4715881,368.3952942,1.000044942,209.0060883
2021/4/6,2111.806902,57987.69669,400.8450623,402.260498,329.2426758,368.1881409,1.001423001,209.0850525
2021/4/7,1963.111128,55949.53214,401.30896,402.7637634,330.0388489,368.6517639,1.002236962,208.9073486
2021/4/8,2079.831782,58069.50555,403.2138672,404.6388855,333.4823608,370.4470215,1.000239968,210.1215973
2021/4/9,2067.228167,58120.31584,406.1453247,407.5700073,335.502655,373.1103516,1.001492977,211.3950806
2021/4/12,2137.562054,59849.87689,406.293396,407.7377319,335.0647888,373.2780457,1.000370979,211.4542999
2021/4/13,2298.8553,63562.9752,407.4975281,408.9318848,338.9760437,374.2940674,0.999455988,212.0466309
2021/4/14,2430.987244,62957.99182,406.1058655,407.5700073,334.9055481,373.0906067,1.001435995,211.5727844
2021/4/15,2513.852466,63143.05905,410.4684753,411.9518127,339.9812012,377.095459,1.000326037,213.8235321
2021/4/16,2422.285931,61399.17733,411.8403931,413.4025879,340.3793335,378.4172668,1.001032948,214.3664856
2021/4/19,2159.287885,55614.39143,409.8169861,411.379425,337.2642212,376.5529175,0.999966979,212.9646912
2021/4/20,2332.255932,56468.76363,406.8164978,408.3891296,334.8060303,373.7909546,1.000054002,211.0100555
2021/4/21,2356.395127,53771.35422,410.6658325,412.2084351,337.6723022,377.3025818,1.000133991,213.5273743
2021/4/22,2399.22987,51711.1229,406.9151917,408.5470276,333.6018066,373.840271,1.000028014,211.8590546
2021/4/23,2367.272568,51130.62384,411.3271179,412.8301697,337.8016968,377.8253784,0.999978006,214.4257355
2021/4/26,2533.94923,54011.8843,412.1858521,413.757843,340.0010986,378.6440735,0.999987006,215.2055817
2021/4/27,2665.592756,55013.89901,412.0969849,413.6295471,338.5281982,378.5257263,0.999926984,215.1068726
2021/4/28,2747.862606,54827,411.9785461,413.4716187,337.383667,378.348175,1.00019896,215.0772552
2021/4/29,2757.131949,53550.93177,414.6040039,416.0869446,338.5978394,380.8734131,1.000144005,215.8966064
2021/4/30,2770.667143,57655.73573,411.8798523,413.3927002,336.378479,378.3580627,0.999823987,214.3171234
2021/5/3,3426.383579,57164.6856,412.768158,414.2809143,334.5870667,379.2162476,1.000103951,214.6922607
2021/5/4,3240.936132,53252.32475,410.2216797,411.7643127,328.5659485,376.90802,1.000195026,213.0831451
2021/5/5,3522.432859,57424,410.3499756,411.8235168,327.4612427,376.9770508,1.000118017,213.0436554
2021/5/6,3491.130851,56405.75601,413.6268921,415.1690979,329.9293823,380.0447998,1.000054955,214.1295776
2021/5/7,3480.082405,57313.91439,416.6372375,418.1791992,332.6065674,382.7574463,1.000077009,215.9459839
2021/5/10,3947.682846,55810.51115,412.5115356,414.1131287,324.2068176,379.0090942,1.000017047,213.408905
2021/5/11,4172.015229,56659.75343,408.8300171,410.4221191,323.7589417,375.6848755,1.000167012,211.6912384
2021/5/12,3829.113463,49560.08364,400.1443176,401.6485901,315.3790894,367.6653442,1.000097036,206.9231415
2021/5/13,3715.064761,49680.8,404.9510498,406.4152832,317.8174133,372.0351563,0.999823987,209.2035217
2021/5/14,4075.780017,49832,411.1691589,412.6920166,324.8338013,377.7464905,0.999961972,212.7771149
2021/5/17,3281.747922,43533.07607,410.1229858,411.7051086,322.8632202,376.8389893,1.000100017,212.3230286
2021/5/18,3378.050576,42861.82151,406.5894775,408.1621094,320.6836853,373.5838318,1.000018001,210.6645508
2021/5/19,2434.754663,36645.5424,405.5234985,407.0567627,321.0518799,372.5974121,0.999925971,210.0525055
2021/5/20,2768.556486,40475.04969,409.8860779,411.3596802,327.262146,376.5726624,0.999880016,212.332901
2021/5/21,2431.386594,37263.8795,409.5505066,411.1228027,325.4508362,376.2865906,1.000416994,212.2144318
2021/5/24,2646.776467,38795.91837,413.7255859,415.2579346,330.9246521,380.0842896,1.000287056,214.3566132
2021/5/25,2704.038075,38329,412.8076477,414.3598633,331.3824158,379.2852783,0.999930024,213.7642975
2021/5/26,2885,39233.81219,413.6268921,415.119751,332.5368652,379.975769,1.000417948,214.534317
2021/5/27,2740.496011,38495.73922,413.8440552,415.3368835,331.2928467,380.1434937,1.000249028,214.9291992
2021/5/28,2413.526667,35671.78384,414.5842896,416.1264343,332.3378601,380.8832703,1.00019598,215.2944336
2021/6/1,2633.750066,36685,414.2190857,415.8007507,331.2331543,380.5873108,1.000025034,215.3832855
2021/6/2,2704.376561,37575.9079,414.8705139,416.4915466,331.8800354,381.2285156,1.000277042,215.6695709
2021/6/3,2855.36516,39236.6777,413.3307495,414.9026794,328.4265442,379.7785034,1.000241995,214.7119904
2021/6/4,2689.44239,36834.99643,417.1110535,418.6824646,333.9998779,383.2210388,1.000748992,216.5777588
2021/6/7,2592.396586,33559.5595,416.7063599,418.3272095,334.9951172,382.8955688,1.000540018,216.7554626
2021/6/8,2507.854918,33383.64978,416.7951965,418.3469238,335.1543274,382.9547424,1.000496984,217.1996918
2021/6/9,2608.479005,37350,416.1733704,417.6758423,335.2339478,382.3530273,0.999949992,216.5876312
2021/6/10,2467.924776,36641.4,418.1078796,419.6998901,338.7272339,384.1187134,1.000316978,217.5451965
2021/6/11,2355.015374,37308.12438,418.7987976,420.3927307,339.6129761,384.7894592,1.000434995,218.1868896
2021/6/14,2580.111887,40514.95879,419.7365112,421.4023132,342.8674011,385.7561646,1.000030041,218.522522
2021/6/15,2545.416692,40146.49688,418.9666443,420.5808105,340.6281128,384.9472961,1.000283957,217.9499512
2021/6/16,2367.473325,38336.70017,416.6273499,418.2548523,339.3840637,382.8363342,1.000167966,216.8640442
2021/6/17,2371.077344,38080,416.4891968,418.1261902,343.6934509,382.6982727,1.000717044,216.6567535
2021/6/18,2231.065324,35807.81128,410.8706055,412.504303,340.9963684,377.6182251,1.00138402,213.9716187
2021/6/21,1887.898764,31636.94209,416.752594,418.3241272,343.1156616,382.905426,1.000259995,216.9232941
2021/6/22,1878.090967,32500,418.9806519,420.3135376,346.3140869,384.937439,1.00080502,218.1572723
2021/6/23,1968.1,33658.55878,418.475647,420.0661011,346.4834595,384.5231323,1.000470042,218.0684052
2021/6/24,1989.818816,34656.51041,420.9512329,422.500946,348.6257019,386.7228088,1.000126004,219.5487823
2021/6/25,1810.693067,31592.16009,422.4464722,424.0548706,348.1972351,388.1530762,1.000017047,220.3706512
2021/6/28,2083.887436,34460.17488,423.2980957,424.9555664,352.4318848,388.9619751,0.999925017,220.6182098
2021/6/29,2165.369036,35901.87903,423.5258789,425.1436157,353.7072449,389.1331787,1.000066042,220.6280975
2021/6/30,2274.568544,35036.69607,423.8823547,425.5197144,353.1492615,389.489502,1.000089049,220.6380157
2021/7/1,2107.901106,33529.99069,426.2292175,427.9248657,353.2887878,391.6867981,1.000192046,221.8361664
2021/7/2,2155.543641,33788.57151,429.4870911,431.1811829,357.3440857,394.6659546,1.000035048,223.0640259
2021/7/6,2322.722938,34228.44762,428.704834,430.0825195,358.8884583,393.9236145,1.000059009,222.5788116
2021/7/7,2317.088613,33863.2693,430.2198792,431.8442993,359.6457214,395.2795715,1.000370026,222.8759003
2021/7/8,2115.476097,32856.36198,426.7144165,428.380127,357.4735718,392.1321716,0.999944985,220.9944763
2021/7/9,2146.670904,33834.27391,431.2695007,432.933075,359.7055054,396.2693176,0.999831021,223.668045
2021/7/12,2033.321938,33107,432.8143005,434.5364685,361.1104126,397.7045288,1.000372052,224.2918701
2021/7/13,1939.621256,32718.51291,431.3388367,433.0122375,361.1104126,396.3584595,1.000139952,223.04422
2021/7/14,1994.648535,32814.99294,431.9824829,433.5863037,361.7580872,396.9028015,0.999953985,222.7372437
2021/7/15,1919.671458,31877.44832,430.5070496,432.1016846,359.2172546,395.6260071,1.000146031,221.9549713
2021/7/16,1875.580053,31384.85424,427.1303406,428.8354187,356.3078308,392.5478516,1.000336051,220.2122345
2021/7/19,1818.331382,30821.16333,420.8225098,422.4316406,353.3884583,386.6785889,1.000259042,217.0831604
2021/7/20,1785.47634,29787.96176,426.8530579,428.5582886,357.4935608,392.1420898,1.000275016,220.8360596
2021/7/21,1994.897959,32136.39344,430.3089905,432.0323792,360.2535095,395.4379578,1.000200987,222.8164825
2021/7/22,2025.011126,32292.47285,431.2101135,432.9726868,362.6348877,396.2792358,1.000291944,223.0046082
2021/7/23,2122.393393,33628.6073,435.6464233,437.2385254,366.8695374,400.2382813,1.000064969,225.2325745
2021/7/26,2228.627768,37244.8253,436.7158508,438.4064636,367.1584778,401.2577209,1.000108004,225.6880646
2021/7/27,2302.563263,39471.47241,434.7254639,436.407135,363.1131287,399.4761353,1.000018954,224.4701233
2021/7/28,2299.647801,39999.52656,434.5472107,436.1695862,364.5080872,399.2584229,0.999798,224.8166809
2021/7/29,2382.757663,40016,436.3494873,438.1095581,365.1557312,400.9806213,1.00020802,225.8068848
2021/7/30,2461.950581,42183.5194,434.2303467,435.8924866,363.2526245,399.020874,0.999843001,224.4701233
2021/8/2,2607.65191,39157.55322,433.3193359,435.0115662,363.2825317,398.2092896,1.000285983,224.153244
2021/8/3,2507.673917,38200,436.8446045,438.4856262,365.4845581,401.4259644,1.000244021,225.7574005
2021/8/4,2724.666101,39729.71032,434.6958008,436.3972168,366.0126343,399.5058594,1.000062943,224.7473602
2021/8/5,2828.234521,40855.24943,437.4486694,439.1091919,368.3342285,402.000061,0.999597013,226.3515015
2021/8/6,2891.787248,42789.06339,438.1715088,439.8713379,366.7200317,402.6928711,0.999810994,226.6287537
2021/8/9,3163,46309.98241,437.815033,439.5644531,367.397644,402.3068542,0.999832988,226.5396423
2021/8/10,3140.863104,45583.64634,438.3596802,440.0791931,365.5144043,402.8116455,0.999936998,226.6881714
2021/8/11,3162.552436,45543.63828,439.4489441,441.1184082,364.8867188,403.7816162,0.999922991,227.1337891
2021/8/12,3045.382575,44411.8794,440.7659302,442.1477661,366.2019348,404.9594116,1.00009203,227.7675171
2021/8/13,3322.211575,47815.6065,441.5680542,443.2662354,367.4872742,405.7611389,0.999513984,227.896225
2021/8/16,3147.663378,45931.96267,442.6077881,444.4044495,367.6467285,406.7311096,1.000102043,227.9853668
2021/8/17,3011.825692,44690.86338,439.7064209,441.3856506,364.4084473,404.0488586,1.000329018,226.292099
2021/8/18,3011.953656,44725.92728,434.8938293,436.6248779,360.9011841,399.7038269,1.000236988,224.0344238
2021/8/19,3184.992279,46775,435.5671692,437.268219,362.6448364,400.2679749,0.999648988,223.8660889
2021/8/20,3285.056745,49314.90391,439.03302,440.7521973,366.4012146,403.4351807,1.000311017,225.8762054
2021/8/23,3321.322306,49529.47444,442.894989,444.5924683,371.8813782,407.0082397,1.000460029,228.0645752
2021/8/24,3172.507651,47708.36492,443.598053,445.3645325,373.0172424,407.6515808,1.000197053,228.8765259
2021/8/25,3226.886963,48975.50652,444.5288696,446.2948914,373.4456482,408.4037781,1.000036955,229.5300751
2021/8/26,3092.559172,46845.16547,441.9047241,443.6621094,371.0743103,406.0184631,1.000164986,227.9952545
2021/8/27,3273.702992,49069.51104,445.8558044,447.5617981,374.6811829,409.6211853,0.999891996,230.4509583
2021/8/30,3228.234261,46980.97768,447.8164673,449.551239,378.8859253,411.5017395,1.00028801,231.3223419
2021/8/31,3431.581505,47114.67376,447.1530151,449.0662231,378.5770874,410.7990112,1.000213981,230.8866425
2021/9/1,3830.368225,48831.18677,447.3906555,449.2641907,379.2047729,411.2344666,0.999818981,231.2926331
2021/9/2,3785.795535,49260,448.7670898,450.61026,379.0254211,412.461792,1.000020981,232.0748901
2021/9/3,3936.348256,49980.26882,448.6581421,450.4122925,380.1912231,412.3034363,0.999840021,231.9956818
2021/9/7,3433.521,46833.21494,447.0539551,448.9573669,380.7292175,410.7792053,1.000262022,230.995575
2021/9/8,3496.732024,46085.22087,446.5093384,448.3635254,379.4040527,410.3833008,1.000305057,230.4509583
2021/9/9,3424.63609,46370.40014,444.598175,446.3641968,378.0987854,408.5423584,1.000210047,229.6489105
2021/9/10,3208.432421,44839.67476,441.0927429,442.9594116,375.229187,405.3849792,1.000231028,227.8269043
2021/9/13,3284.825943,44935.88318,442.2216187,443.9887085,374.9701233,406.3352051,1.00009501,228.3418274
2021/9/14,3436,47104.40633,439.835144,441.62323,373.9040222,404.2270203,1.000277996,226.9654388
2021/9/15,3613.594931,48130.98051,443.5089111,445.2951965,376.6838989,407.6020813,1.000020981,228.8369141
2021/9/16,3568.608585,47764.0099,442.8058472,444.4638062,376.9429932,406.899353,1.000064015,228.6289673
2021/9/17,3398.226598,47277.20343,438.4924622,440.1781311,372.4791565,402.9105835,0.999831975,226.7970886
2021/9/20,2976.725413,43000.20814,431.1809692,432.7548828,364.7825317,396.3287354,1.000383973,222.8659973
2021/9/21,2762.034178,40679.77676,430.7736511,432.5074768,365.2313843,395.942749,1.000344038,222.8461914
2021/9/22,3076.271316,43572.25132,434.975769,436.7733459,368.6428223,399.7631836,0.999562979,225.0939636
2021/9/23,3152.162773,44878.38388,440.2607117,442.0091858,372.044281,404.5932312,1.000038981,227.8368073
2021/9/24,2927.921549,42826.38019,440.9859314,442.8566589,372.3934021,405.2662354,1.000134945,228.1089935
2021/9/27,2926.19772,42181.95049,439.7243042,441.4657288,369.4208679,404.1181335,1.000303984,227.6123199
2021/9/28,2807.356804,41043.84554,430.8630371,432.6531067,358.9671326,396.041748,1.000386953,222.8443298
2021/9/29,2851.439208,41546.1686,431.5882568,433.3982544,358.3786316,396.6653137,1.000411034,222.9933319
2021/9/30,2999.893075,43815.40648,426.3132324,428.0332031,357.0619507,391.640686,1.000139952,220.5795288
2021/10/1,3308.423541,48148.54766,431.3796082,433.1300049,359.2763672,396.3276978,0.999544978,223.6191101
2021/10/4,3384.393084,49215.40706,425.8165283,427.5066223,351.7353516,391.4520264,0.999415994,220.2517242
2021/10/5,3514.421458,51470.71299,430.2471313,431.9874268,356.4833984,395.255249,0.999849021,222.3079224
2021/10/6,3574.19483,55324.69633,432.0352478,433.82547,358.7676697,397.0128479,0.999989986,223.23172
2021/10/7,3586.475009,53780,435.7705078,437.4220581,362.0593872,400.4288025,1.000023007,225.3773193
2021/10/8,3558.566814,53964.44787,434.975769,436.7762756,360.2539368,399.6741028,0.999791026,224.880661
2021/10/11,3544.254439,57479.18082,431.8266602,433.5174866,357.4908752,396.7646179,1.00039196,223.2615051
2021/10/12,3489.561789,55988.89122,430.7637024,432.4245911,356.2440186,395.9702148,0.999961972,223.1026001
2021/10/13,3607.283046,57380.25977,432.3134155,433.9645691,359.0968323,397.241272,1.000146985,224.1157837
2021/10/14,3789.994616,57343.3237,439.5852051,441.3961792,365.7102051,403.9142456,0.999741971,227.8407898
2021/10/15,3866.483573,61676.79999,442.9330139,444.7841187,368.0144043,407.0620422,0.999239028,229.1917114
2021/10/18,3747.418294,62024.6156,444.2443237,446.0757446,371.7150879,408.3032837,1.000058055,230.026123
2021/10/19,3876.124703,64256.73411,447.6716003,449.5829163,374.5280151,411.4809265,0.999939024,231.7048492
2021/10/20,4161.944536,66013,449.4299316,451.3116455,374.0392761,413.0796509,0.99958998,232.6087799
2021/10/21,4053.660652,62198.1783,450.6021729,452.4839783,376.3234863,414.0925293,1.000118017,233.2445221
2021/10/22,3972.218358,60688.18121,450.1352539,451.937561,373.1614685,413.6754456,1.000334024,232.7975159
2021/10/25,4221.073725,63071,452.5492554,454.3021851,376.981842,415.8203735,0.999650002,234.2279205
2021/10/26,4129.564135,60311.26219,452.956543,454.8187866,378.1688538,416.2175598,1.000134945,234.1385193
2021/10/27,3920.199476,58412.02537,450.9498596,452.7919922,379.0466614,414.4102783,1.000272989,232.5392609
2021/10/28,4286.458565,60589.78759,455.3010254,457.1436768,383.256073,418.461731,0.999921024,235.0225983
2021/10/29,4417.423388,62239,456.224884,458.0080261,385.1413269,419.2065125,0.999828994,235.3305206
2021/11/1,4320.305537,60949.52504,457.0096741,458.9519043,386.4580078,420.090271,0.999861002,236.5026398
2021/11/2,4585.655001,63208.06436,458.8574219,460.7601318,388.0739441,421.7187805,0.99989599,237.2377167
2021/11/3,4600.839307,62888.78411,461.658844,463.5916748,392.1936035,424.2608948,1.000224948,238.9164581
2021/11/4,4534.170299,61396.62009,463.8344421,465.7178345,397.2209473,426.2468872,1.000205994,239.8203735
2021/11/5,4474.880236,60950,465.4437256,467.3571472,397.6000061,427.6966553,1.000561953,240.7441864
2021/11/8,4808.299173,67523.94776,465.8411255,467.8439941,397.0613403,428.2130432,0.999827981,241.14151
2021/11/9,4732.206401,66930.46662,464.3013306,466.2145996,394.3282166,426.7135925,1.000074983,240.4461823
2021/11/10,4631.356926,64969.46305,460.5661011,462.5286255,388.5328064,423.277832,0.999522984,238.0820313
2021/11/11,4720.320085,64828.74903,460.7150879,462.7173767,389.6100769,423.4168091,0.999855995,238.3701324
2021/11/12,4666.716349,64117.68283,464.1920166,466.1252136,393.7097778,426.5646667,0.99929601,240.1382446
2021/11/15,4564.35053,63619.62262,464.3509827,466.2444153,393.6199951,426.7632446,0.999643028,240.1382446
2021/11/16,4210.813414,60107,466.1888123,468.1023254,396.4229736,428.3917847,1.000424981,241.1713104
2021/11/17,4288.004747,60354,465.0563354,466.9995117,396.6324463,427.3590698,0.999849975,240.1779785
2021/11/18,4000.369428,56895.24141,466.6358643,468.5394592,400.7420959,428.838623,0.999696016,240.5554504
2021/11/19,4294.463345,58060.32863,465.8013916,467.7744751,402.9764709,428.0343018,0.999991,239.8700409
2021/11/22,4086.720501,56255.69205,464.4900818,466.3735962,398.2982178,426.9022827,0.999961972,238.7177887
2021/11/23,4339.242863,57535.7093,465.1059875,467.0193481,396.4828186,427.458374,1.000115037,238.7972412
2021/11/24,4271.130871,57171.31765,466.3477478,468.2314758,397.759613,428.5109253,1.00070703,239.6018677
2021/11/26,4040.154989,53734.5502,455.9467468,457.6404114,390.2185669,419.1866455,0.999843001,234.4166718
2021/11/29,4443.386927,57778.5547,461.5396423,463.4824219,398.6872559,424.250946,1.000077963,236.6218567
2021/11/30,4623.224454,56869.03221,452.5592041,454.6697998,392.8320007,416.1282043,0.999455988,231.8935852
2021/12/1,4583.265865,57194.86546,447.5325012,449.3643188,386.1488037,411.3418884,0.999593019,228.6255188
2021/12/2,4511.520039,56493.55104,454.3870544,456.2892456,388.9317932,417.6177063,0.998839021,232.3405762
2021/12/3,4219.949103,53709.26144,450.4332886,452.1958923,382.1687927,413.9237061,1.000326991,229.6486511
2021/12/6,4352.553002,50460.51281,455.7679138,457.6404114,385.2311096,418.868866,0.999526024,232.5988617
2021/12/7,4306.840101,50594.20332,465.1954041,467.1485291,396.8319092,427.4781799,1.000062943,237.5754547
2021/12/8,4435.368929,50467.71547,466.4272156,468.3805237,398.6074219,428.6797485,0.999912977,238.598587
2021/12/9,4105.703287,47584.79375,463.2781372,465.2210999,392.742218,425.7603455,1.000527024,236.3238525
2021/12/10,3900.997081,47162.95736,467.6391907,469.6820374,397.0114746,429.8217163,1.001216054,237.9330597
2021/12/13,3781.137152,46730.53824,463.4966431,465.5238647,391.2759094,426.0085754,0.999779999,235.7675781
2021/12/14,3859.714537,48374.87705,460.3078003,462.2347717,387.2261047,423.1089783,1.000195026,233.9994659
2021/12/15,4018.933874,48871.21111,467.5001221,469.5006409,396.0538635,429.7224121,1.000244021,237.6052551
2021/12/16,3956.284092,47653.44641,463.3774719,465.1949158,385.8695068,425.8397522,0.998951972,234.9431305
2021/12/17,3876.917963,46155.21129,458.4457703,460.5802612,383.9443359,421.4208984,0.999805987,233.8703156
2021/12/20,3940.484618,46899,453.5709534,455.4074707,380.2199402,416.8629761,0.999642015,230.5823822
2021/12/21,4017.296842,48891.85574,461.6259155,463.5205078,388.7294006,424.2610779,1.000066042,235.1020355
2021/12/22,3979.576408,48595.30787,466.2415771,468.1949768,393.463562,428.5466309,0.998162985,237.4264526
2021/12/23,4109.5,50800,469.1425476,471.0654602,396.4299011,431.1877747,1.000218987,239.0654449
2021/12/27,4036.473829,50668.90114,475.7819214,477.8130188,402.9818115,437.3370361,0.999581993,242.2046661
2021/12/28,3792.287137,47544.7511,475.3931274,477.4442444,401.1140747,437.0081787,1.000841022,241.7062225
2021/12/29,3629.689973,46468,476.0012512,477.9425964,401.0541687,437.536377,0.999463022,241.8457794
2021/12/30,3709.314565,47123.57541,474.6853333,476.5970764,399.8556519,436.3005371,1.000345945,241.4570007
2021/12/31,3677.496185,46203.93289,473.4890442,475.4110107,397.3587646,435.1045837,1.000038981,240.6893921
